action_id,role_name,domain,competency_name,text,description,resources_url,intervention_text,script,active
1,Front Desk,Cultural,Welcoming Presence,I always stand up and greet every patient and their guardian with a smile,"Stand, smile, make eye contact. That moment says: “We’re glad you’re here.” It costs nothing and changes everything.",,"Standing up commands respect and shows warmth. If your legs are tired, at least lean forward and make direct eye contact. Do not greet the computer screen.",,true
2,Front Desk,Clerical,Patient Record Maintenance,"I always check for a complete medical history and required forms for the visit before changing patient status to either ""Checked In"" OR ""Arrived - No Paperwork",Don’t mark them “checked in” until the forms are done. It protects the clinical team’s time and keeps the visit running clean.,,"A checked box protects a life. Never auto-pilot this. If the form isn't signed, the patient isn't Ready. Hold the line.",,true
3,Front Desk,Clerical,Communication Balancing,I always fully complete the check in process with an offer of hospitality and introduction to the play area before returning to other tasks.,"Greet, welcome, and finish the moment. Hospitality first, multitasking second, it’s how families know they matter here.",,Don't leave them hanging. The Play Area Handoff is the period at the end of the sentence. Practice transitioning from paperwork to welcome today.,“Welcome in! Can I offer you a coffee or water? The play area’s right over there if your little one wants to play while we get started.”,true
4,Front Desk,Clinical,Patient Flow Coordination,"I always actively alert the clinical team that a patient is ready to be pulled back directly after changing patient status to ""Checked In","The second you hit “Checked In,” tell the back. It’s a small habit that keeps patients moving and the day flowing.",,"The baton pass matters. If you click Checked In but don't tell the back, the baton hits the floor. Walk back there or use the chat immediately.",,true
5,Front Desk,Clerical,Welcoming Environment,"I always tidy the reception area, check the patient bathroom, and restock amenities in the front area once every hour.",Keep the front fresh. A quick reset each hour shows pride in your space and helps every family feel like the first one of the day.,,You get used to the mess. Reset your eyes. Walk out the front door and walk back in. What is the first thing you notice? Fix it.,,true
6,Front Desk,Clerical,Strategic Scheduling,"I always examine the schedule two days ahead and first call, then send a personalized text message until all unconfirmed appointments are confirmed.","Two days ahead is the sweet spot. A quick call, then a personalized text, keeps the schedule full and should help you feel some peace of mind.",,"This is the sweet spot. If you are calling day-of, you are already behind. Pull the 2 Days Out list today and make 5 calls.",,true
8,Front Desk,Clinical,Clinical Team Communication,I always review patient memos and appointment notes prior to beginning the check in process,"Read the notes before the hello. You’ll greet each family with context, confidence, and fewer surprises.",,Being able to reference individual situations with grace takes your service up a notch. Check the memo for Anxiety or Billing Issues before you say hello. It prevents awkward surprises and puts you one step ahead.,,true
9,Front Desk,Cultural,Trust Building Interactions,I always ask guardians what their goals are for the visit and enter the answer into appointment notes before booking a new appointment,"Taking time to ask about goals tells families you’re on their side. It’s not just small talk, it’s how trust begins.",,,"“Before we see you, is there anything specific you’d like the doctor to focus on for this visit?”",true
10,Front Desk,Clinical,Daily Schedule Adaptability,"I always dedicate time daily to call and send a personalized text to people on the short call list, prioritizing same-day or next-day open treatment slots.","Fill the day, but keep it personal. A short, genuine call or text makes families feel remembered, not marketed to, and helps more kids get care faster.",,An empty chair is a missed opportunity. Ask the Office Manager to show you exactly how to filter the ASAP List in the software so you aren't guessing who to call.,"Hi Sarah, this is Jessie from Alcan Dental. I noticed Tommy hasn't been scheduled for his fillings yet and we actually had an opening for tomorrow. Just wanted to reach out and see if you'd like to get him scheduled.",true
11,Front Desk,Clinical,Fundamental Dental Knowledge,I am able to name all common procedures and their typical duration from memory,"Know the basics cold. When you can answer confidently, families trust you and scheduling stays accurate and stress-free.",,Confidence comes from knowing the details. Pick one procedure you felt unsure about today and ask a Lead to explain the basic steps to you in 2 minutes.,,true
12,Front Desk,Case Acceptance,Treatment Communication,I always communicate our office's NPO guidelines for all relevant appointments when confirming,"If patient's haven't followed proper NPO guidelines, their appointment could need to be rescheduled. You're their last reminder to get that right.",,"Safety is non-negotiable. If you are fuzzy on the NPO rules, pull up the Pre-Op Checklist right now. Better to double-check than risk a rescheduled surgery.",,true
13,Front Desk,Case Acceptance,Effective Objection Handling,I always communicate the importance of X-rays to our standard of care any time a parent objects or attempts to decline them.,"Parents hesitate because they care. You bridge that moment by calmly explaining that X-rays protect their child’s health, helping them see care, not cost.",,"Parents decline when they don't see value. Practice this line: X-rays let us see what our eyes can't. Ask a Lead to hear you say it to ensure you sound confident, not pushy.","“I understand your concern, but X-rays help the doctor spot things we might otherwise miss, like cavities between teeth, it's part of our standard of care. If you have any specific questions or concerns about that, Dr. Alex will be able to answer all of them”",true
14,Front Desk,Cultural,Handling Critical Feedback,"When presented with critical feedback, I always remain calm and first restate the guardian's feedback","Take a breath before you speak. Restate what you heard to show you understand, it turns feedback from a hit to a handshake.",,Validation lowers the temperature. Practice saying: I want to make sure I hear you correctly. You're saying [X]? Ask a Lead to roleplay this with you for 60 seconds.,"Thanks for sharing that. It sounds like you're frustrated because you weren't expecting to have an outstanding balance today, is that right?",true
15,Front Desk,Case Acceptance,Establishing Credibility,"I always preview the patient's doctor by name, and comment specifically on that doctor's expertise or experience when scheduling an appointment",Drop the doctor’s name and one genuine detail about their skill. It makes families feel secure and reminds them they’re in good hands.,,"Building the doctor up builds the parent's confidence. Pick one specific strength for each doctor today (e.g., Great with anxiety) and use it in your next scheduling call.","You’ll be seeing Dr. Patel, she did her Dental Residency at the Children's Hospital in Baltimore, and has been practicing for almost 10 years! You're going to love her.",true
16,Front Desk,Case Acceptance,Facilitating Smooth Processes,I always inform the guardian about completing paperwork via the patient portal when scheduling or confirming appointments.,Give them a head start. A quick reminder about the portal saves time at check-in and makes the visit feel effortless for everyone.,,Front-loading paperwork saves everyone's sanity. Ask a Lead to show you the Portal Status view so you can spot missing forms before the patient walks in.,You should be receiving an email with a link to your patient portal here in a few minutes. Please take some time to go through these forms before your kiddo's appointment to ensure there aren't any delays in their appointment time!,true
17,Front Desk,Clinical,Patient Flow Coordination,"I always notify the practice manager then Lead RDA immediately if a patient has been ""Checked In"" and waiting for longer than 10 minutes","When wait times stretch, act fast. Loop in the right people early to solve the problem before it becomes one.",,Silence feels like indifference to a waiting parent. You are the alarm. Ask the Practice Manager today: How do you prefer I alert you when we hit the Red Zone?,,true
18,Front Desk,Cultural,Empathetic Practice Policy Education,"I always firmly and kindly inform 48-hr cancellations or reschedules of their consequence level, and the next consequence, before offering one last opportunity to keep the appointment.","Policies protect the schedule, but empathy protects relationships. Explain clearly, stay kind, and end with one last chance to keep the appointment.",,Tone is everything here. You want Firm Kindness. Read the specific Cancellation Policy script out loud twice before your next call to lock in the verbiage.,"I completely understand that things come up. Because we're within our 48 hour cancellation window, we would have to count this as a late change, which would mean that for your next appointment, we wouldn't be able to schedule anything in the morning or afternoon. Is there anyone else that could possibly bring Tommy in or maybe a different time that would work for you guys to come in today?",true
19,Dental Assistant,Clinical,Sterilization and Procedure Preparation,"I always use gloves only when handling contaminated instruments or chemicals, and remove them before touching anything clean or sterile.",Clean and sterile items stay safe when you use gloves only for what’s dirty. This habit prevents cross-contamination and protects both patients and the clinical team.,,Cross-contamination happens when we rush. Pause right now and visualize your Clean to Dirty flow. Ask a Lead RDA to audit your next room turnover.,,true
20,Dental Assistant,Cultural,Trust Building Interactions,"I always greet the patient by name, smile with eye contact, and introduce myself by name.","The first moments set the tone. A warm greeting with eye contact helps the child feel safe and helps parents relax, knowing you’re attentive and present.",,"A name is a safety signal. Look at the chart, say the name out loud to yourself, then go get the patient. Make eye contact immediately.","“Hi Maya! I’m Jordan, and I’ll be taking care of you today. It’s really good to see you.”",true
21,Dental Assistant,Clerical,Patient Record Management,I always check the patient memo and ensure a complete medical history before beginning the appointment,Reviewing memos and history before you start keeps everyone safe and prevents surprises. It helps you walk into the room prepared and confident.,,"Never fly blind. Read the Medical Alerts out loud to yourself before the patient sits down. If something looks odd, ask the Doctor.",,true
22,Dental Assistant,Clinical,Patient Comfort and Communication During Procedures,"I always tell, show, do before performing any action on a patient.","Kids feel safer when they know what’s coming. Showing and explaining each step builds trust, reduces fear, and helps the visit go smoothly.",,Surprise equals fear. Never touch without talking. Practice your Tell script for the suction straw: It's just a thirsty straw that makes a slurping sound.,,true
23,Dental Assistant,Clerical,Coordinating Patient Flow,"I always immediately change patient status to ""In Chair"" when they are seated and ""Treatment Complete"" when they are ready to be checked out.",Updating status right away keeps the whole team coordinated. It helps the doctor see who’s ready and keeps families from waiting longer than necessary.,,"The status runs the board. If you don't click In Chair, the front desk thinks the room is empty. Update it the second they sit down.",,true
24,Dental Assistant,Cultural,Demonstrating Emotional Intelligence,"I always take a moment to assess the parent’s and patient’s mood after changing status to ‘In Chair,’ and I quietly share any concerns with the doctor.",Reading the room early helps the doctor understand what kind of visit it may be. Quietly passing along concerns allows the doctor to adjust their approach with care and sensitivity.,,"Read the room. If the parent looks anxious, whisper a heads-up to the Doctor before they enter. It helps them adjust their entry energy.",,true
25,Dental Assistant,Clinical,Mastery of Dental Procedures,I always verify that my Xrays are usable for the doctor before moving the patient from the Xray machine,Checking the image right away saves time and prevents repeat exposures. Ensuring clarity helps the doctor diagnose accurately and keeps the visit moving.,,"Don't guess on shadows. If the apex isn't clear, retake it immediately. A bad X-ray wastes the Doctor's time during the exam.",,true
26,Dental Assistant,Clerical,Office Task Management,I check Uptime and complete outstanding tasks prior to departure every day,"Finishing Uptime tasks daily keeps the practice safe, compliant, and ready for the next day. Consistent follow-through prevents surprises and protects patient care.",,"Don't leave it for the closer. If you have 5 minutes, wipe a counter or stock a drawer. Small acts now prevent late nights later.",,true
27,Dental Assistant,Case Acceptance,Clear Treatment Communication,"If I help explain a treatment plan, I always ask the parent ""How does that sound to you?"" or ""How are you feeling about this plan?"".",A gentle check-in helps parents feel heard and reassured. Asking how the plan feels opens the door for real questions before they become concerns.,,,"""So, like Dr. Alex said, we'll be starting with two extractions and then finishing up with a filling. Can I ask how that plan sounds to you?""",true
28,Dental Assistant,Clinical,Accurate Charting,I always ask the doctor to review my charting for accuracy before the doctor leaves the chair.,"A quick accuracy check prevents rework later. Confirming while the doctor is still present keeps charting clean, complete, and reliable.",,"Accuracy is a team sport. Before the Doctor leaves, ask: Just to confirm, we did DO on 3 and 14, correct? Catch the error now, not at billing.",,true
29,Dental Assistant,Clerical,Clerical Procedure Requirements,I always verify that proper consent forms have been completed prior to beginning the appointment,Confirming consents protects both the patient and the practice. A quick check at the start ensures care begins safely and legally.,,"No consent, no treatment. If the signature is missing, do not recline the chair. Ask the parent to sign on the iPad immediately.",,true
30,Dental Assistant,Cultural,Empathetic Practice Policy Education,"After scheduling the next appointment, I always verbally emphasize the importance keeping that appointment and the consequences for missing it.",A brief reminder sets expectations early. Emphasizing the importance helps families commit to care and prevents unnecessary delays in treatment.,,,"Ok, so we've got that scheduled for Tuesday the 4th of next month. It's really important to keep that appointment in order for us to stay on track for your child's oral health",true
31,Dental Assistant,Case Acceptance,Effective Objection Handling,"When a parent is uncertain about a procedure, I always reassure them about the importance of the procedure, and inform the doctor about the conversation",Parents worry because they care. Offering calm reassurance and looping in the doctor keeps communication clear and helps families feel supported.,,"Validate, don't argue. Say: It makes sense that you are worried about [X]. Here is why we recommend it... Connect it to safety.","""I totally understand being a little worried about a first filling. It's really important that we remove the decay from the tooth. We're going to work hard to make sure Jessie is as comfortable as possible the whole time""",true
32,Dental Assistant,Cultural,Handling Constructive Feedback,"When responding to frustration, I always remain calm and first attempt to restate the guardian's complaint.",Starting with calmness keeps tough conversations productive. Restating what you heard shows that you’re listening and takes the tension out of the moment.,,,"“So what I’m hearing is that the wait today felt longer than you expected, and that made things stressful — is that right?”",true
33,Dental Assistant,Case Acceptance,Establishing Credibility,"I always preview the patient's doctor by name, and comment specifically on that doctor's expertise or experience",Introducing the doctor with a quick note about their skill builds instant confidence. It helps parents feel at ease before the doctor even enters the room.,,Sell the expert. Dr. Jones is amazing at these fillings. Transfer your trust to the parent.,"You'll be seeing Dr. Rivera today. She did her residency at the Children's Hospital in Baltimore, and is very experienced. You're in good hands.",true
34,Dental Assistant,Case Acceptance,Empowering Informed Decisions,"When confirming next steps, I always highlight the health risks of delaying treatment or recare.","Delays can create real risks, and parents appreciate honesty delivered with care. Explaining those risks clearly helps them make informed, confident decisions.",,This can be a gentle but firm reality check. You've seen what happens when treatment is delayed. Tell them kindly.,"“If we delay this, there’s a chance it could develop into something more uncomfortable. We see better results when we get it taken care of early.",true
37,Front Desk,Cultural,Welcoming Presence,I always genuinely offer coffee or water to guardians after check in is complete,"Offer something simple, a coffee, a water, a smile. Those few seconds turn a transaction into a welcome",,"Hospitality disrupts anxiety. If you feel too busy to offer water, you are too busy. Pause, breathe, and make the offer.",,true
39,Front Desk,Clerical,Patient Record Maintenance,I always confirm insurance verification status prior to completing check-in.,Confirm insurance before you close the chart. It saves headaches later and tells families you’ve already handled the details.,,"Verification is the gatekeeper. If you aren't sure if a plan is active, ask the Insurance Coordinator to verify it with you right now.",,true
40,Front Desk,Clerical,Communication Balancing,"I always answer phones within 3 rings, respond to texts within 3 minutes, and return emails within 3 hours.","Fast replies build confidence. When families know you’re responsive, they stop worrying if anyone’s paying attention.",,"Responsiveness is our brand. If you are missing these targets, you might be multitasking too much. Ask a colleague to watch your workflow for 10 mins and help spot the bottleneck.",,true
42,Front Desk,Clerical,Welcoming Environment,"I always thoroughly vaccuum the front area in the morning, before leaving for lunch, and at the end of the day.","Every detail families see tells a story. A spotless front area says, “we care about our space, and about you.”",,"A clean floor signals a clean clinic. If this slips, check your Closing Checklist routine. Do you need to start 10 minutes earlier?",,true
44,Front Desk,Cultural,Empathetic Practice Policy Education,I always communicate the importance of attendance and ask whether we can count on them to be there when booking any appointment.,Turn confirmation into partnership. Framing it as “can we count on you?” builds respect and accountability without pressure.,,"Can we count on you? is a psychological hook. If you feel awkward saying it, roleplay it with a peer today until it feels like a natural part of the conversation.","“Ok, I've got you down for Thursday at 11:00 am with Dr. Eduardo. We've got this time set aside just for you, can we count on you to be there?""",true
45,Front Desk,Clinical,Clinical Team Communication,I always inform the clinical team of existing or anticipated patient balance using the info board.,"Keep everyone in the loop. A quick note on the board prevents confusion, smooths handoffs, and helps families feel every detail’s handled.",,"The Board helps keep all of us on track. If you forget to write on it it, the clinical team can miss crucial information. Set a mental trigger: Check-in isn't done until the Board is written.",,true
46,Front Desk,Cultural,Trust Building Interactions,I always call the guardian and patient by their preferred name (not kiddo or mom),"Names are powerful. Using them turns routine interactions into real connection, small word, big signal of respect.",,,,true
47,Front Desk,Clinical,Daily Schedule Adaptability,"If we are running more than 10 minutes behind schedule, I always gently communicate that to the families in my waiting room one at a time, and assure them that we are working diligently to catch up.","A short, sincere update matters more than a perfect schedule. Let families know you see the delay, you care, and you’re working to make it right.",,"Ignoring a delay makes it worse. Go into the lobby right now and give a 30-second update to anyone waiting. I see you, and we're hurrying goes a long way.","Thank you for your patience, we’re running just a few minutes behind. Our team is working quickly to get you seated soon. I really appreciate your understanding.",true
48,Front Desk,Clinical,Fundamental Dental Knowledge,I am able to list the procedures that are most commonly denied by each insurance,"Understand what insurance often pushes back on, it keeps conversations honest. Setting clear expectations early builds trust fast.",,Don't let insurance surprises hurt the patient relationship. Review the Common Denials cheat sheet with the Office Manager so you can warn parents upfront.,,true
49,Front Desk,Case Acceptance,Treatment Communication,I am able to calmly and confidently provide aftercare instructions for all common procedures.,"Speak like you’ve done it a hundred times. Calm, clear aftercare makes families feel safe, confident, and cared for long after they leave.",,"You are the final voice of care. Read the Aftercare Script for fillings out loud. If you stumble, practice it one more time. Clarity prevents callbacks.",,true
50,Front Desk,Case Acceptance,Effective Objection Handling,"I always explain that having insurance info up front will contribute to a smooth visit, and I offer to wait while families gather that information.",We want to take every opportunity to gather our clerical requirements. A little extra time up front saves us from scrambling or rushing when they're with us in person,,It's not about money; it's about a smooth visit. Try saying: I want to make sure you don't get stuck with a bill later. It frames the request as a favor to them.,"“If I can grab that insurance information from you now, it’ll make your visit go much smoother. I'm happy to wait while you find it.""",true
51,Front Desk,Cultural,Handling Critical Feedback,"When presented with critical feedback, I actively acknowledge my personal or our collective role in the situation.","Teams grow when people own their part. Admit what’s true, skip the spin, and help fix it fast.",,Defensiveness kills trust. Try the Two Words ownership trick: I apologize. Ask the Office Manager how they handle valid complaints without over-promising.,"“You’re right, I could’ve double-checked that earlier. I’ll make sure it’s corrected moving forward.”",true
52,Front Desk,Case Acceptance,Establishing Credibility,"I am able to list the innovative technologies, materials, and processes our practice uses and explain how they lead to positive health outcomes.","Families love hearing what makes your office stand out. Share it with pride, your confidence helps them trust the quality of care.",,"You don't need to be an engineer, just a fan. Ask a Lead: What is one cool thing about our laser/scanner that I can tell parents? Use that fact today.",,true
53,Front Desk,Case Acceptance,Facilitating Smooth Processes,I always verbally preview the excellent service to expect during an exceptional visit when booking an appointment.,Give them a glimpse of what’s ahead. A confident preview sets high expectations and shows that great service is standard here.,,Set the stage. Saying You're going to love Dr. Smith creates a placebo effect of a good visit. Say it to the next patient you book.,"Awesome, so we've got you fully booked. You can expect us to do a full exam and cleaning, take x rays so that we can have a baseline for your kiddo's oral health, and you'll be spending time with Dr. Mary who will help outline what our continued care might look like. We're really excited to have you joining us.",true
54,Front Desk,Clinical,Patient Flow Coordination,"When two or more families arrive within 3 minutes, I always note arrival order and suggest a pull order to the clinical team (“A then B”) using the tablets to keep the lobby moving.",,,"You are the air traffic controller. Don't just check them in; sequence them. Explicitly tell the back: Family A arrived first, please seat them before Family B.",,true
55,Front Desk,Cultural,Empathetic Practice Policy Education,I always inform patients of outstanding balances during appointment confirmation preparing them for that balance to be collected at check in.,Be upfront before they arrive. Transparency turns a potential awkward moment into one of trust and professionalism.,,Money conversations are hard but necessary. Don't surprise them at the desk. Practice the Pre-Call script: Just a heads up on that balance... so they arrive prepared.,"“Just a quick heads up, you have a balance of $26 from your last visit, we’ll take care of that when you check in on Thursday.”",true
56,Dental Assistant,Clinical,Sterilization and Procedure Preparation,I always set up the tray for the scheduled procedure and any likely alternatives before bringing the patient back.,"Preparing the full tray in advance keeps appointments smooth and prevents scrambling once the patient is seated. It creates confidence for the doctor, the patient, and for you.",,Scrambling mid-procedure causes stress. Setup everything (including the 'just in case' items) before the patient enters. Check your setup against the visual guide.,,true
57,Dental Assistant,Cultural,Trust Building Interactions,I always ask the patient a curious open-ended question as I am seating them,"Simple, curious questions help kids feel seen and ease into the visit. It turns the room into a friendlier place and helps you build trust early.",,"Distraction starts with connection. Ask about a pet, a sport, or a shoe color. Any topic other than teeth helps the child settle in.",,true
58,Dental Assistant,Clerical,Patient Record Management,I always accurately enter patient's height and weight in the proper units and double check for errors before seating them.,Accurate measurements matter for safe dosing and charting. Double-checking helps you avoid mistakes and keeps the appointment on track.,,"Dosage depends on this. If the scale looks off, re-weigh them. Accuracy here prevents medication errors.",,true
59,Dental Assistant,Clinical,Patient Comfort and Communication During Procedures,I always notice and verbally affirm specific positive behaviors during clinical activities,,,Catch them being good. Don't wait for the end. Say Great job holding open every 60 seconds. It reinforces the behavior you want.,,true
60,Dental Assistant,Clerical,Coordinating Patient Flow,"When I notice that I’m starting an appointment more than 10 minutes late, I check with the Lead RDA before starting so that I understand the plan to get back on track.",Time warnings help you stay ahead of delays. Looping in the lead quickly keeps the day flowing and prevents small issues from becoming big bottlenecks.,,,,true
61,Dental Assistant,Cultural,Demonstrating Emotional Intelligence,Before beginning a clinical activity I tell the patient that they can raise their hand to ask me to pause at any time,"Giving kids permission to pause puts them back in control. It lowers fear, builds trust, and helps the whole visit feel more predictable.",,Control reduces pain. Tell the child: Raise your left hand if you need a break. It makes them feel safe enough to cooperate.,"“If you ever need me to stop or take a break, just raise your hand and I’ll pause right away.”",true
62,Dental Assistant,Clinical,Mastery of Dental Procedures,I always anticipate the next instrument the doctor will need and have it in hand before the doctor asks for it.,Smooth assisting feels almost choreographed. Anticipating the doctor’s needs creates a seamless experience for the patient and keeps procedures efficient.,,"Stay one step ahead. Watch the Doctor's eyes, not just their hands. If they look at the composite, have the curing light ready.",,true
63,Dental Assistant,Clerical,Office Task Management,When I have 45 minutes or more between patients I always use that time to send messages to the Reschedule list to help fill the schedule.,Small pockets of time add up. Using those moments to reach out to the Reschedule list keeps the day efficient and helps patients stay on track with needed care.,,,,true
64,Dental Assistant,Case Acceptance,Clear Treatment Communication,"After the doctor explains the treatment and leaves the chair, I always check for comprehension and clearly narrate next steps","When the doctor steps away, parents often still have questions. A quick, friendly recap ensures understanding and builds trust in the plan.",,"The unknown is scary. Tell them exactly what happens next: We go to the front, we sign one paper, and we book for Tuesday. Roadmap the exit.","“Just to make sure everything feels clear, here’s the plan Dr. Reyes went over: we’ll take care of that small cavity with a simple filling, and doing it now keeps it from turning into something more serious. The next step is finding a time this week that works for you — let’s get you set up before you head out.”",true
65,Dental Assistant,Clinical,Accurate Charting,"As the doctor calls out findings, I actively listen and accurately record correct conditions on correct teeth (both in note and charted on the odontogram)","Accurate charting helps the whole team deliver safe, consistent care. Listening closely and recording precisely avoids errors and protects the patient record.",,"Listen for the code. If the Doctor mumbles, ask them to repeat. Charting Watch vs Treat changes the entire treatment plan.",,true
66,Dental Assistant,Clerical,Clerical Procedure Requirements,After taking an x-ray I always label the teeth in the images before leaving the workstation,Labeling images immediately keeps records clear and helps the doctor diagnose without delay. It also prevents mix-ups later in the day.,,Data without labels is useless. Tag the teeth numbers immediately after exposure. Unlabeled mounts confuse the whole clinical team.,,true
67,Dental Assistant,Cultural,Empathetic Practice Policy Education,"Except in extreme cases, I always request that all families leave us a Google review after their appointment, and direct them to the QR code to scan.",Google reviews are a huge part of families discovering our excellent care. We ask for them to help make sure other people can find us and get great oral healthcare. ,,"Compliments don't count; reviews do. If they say You guys are great, reply: The best way to thank us is scanning this QR code.","""I hope you had a positive experience today. We're really proud of the care we offer, and I wonder if you'd be willing to leave us a Google review so that other families like yours can find us and get the same great care. I have a QR code right here that you can scan to make it super easy.""",true
68,Dental Assistant,Case Acceptance,Effective Objection Handling,I always link the dentist’s recommended treatment to the parent's desired outcome for their child,"Parents care most about the end result—linking the treatment to their goals helps everything make sense. When you make that connection clear, it builds trust and keeps the path forward focused on what matters to them.",,Connect the dot to their goal. You said you wanted to avoid pain for him? This filling stops the pain before it starts.,"“I know you said one of your goals is to help her avoid future cavities, this sealant is the first step that gets us there.”",true
69,Dental Assistant,Cultural,Handling Constructive Feedback,"After restating critical feedback, I always use the phrase ""tell me more"" and actively listen to the response.",“Tell me more” opens the door for clarity. It signals that you’re not defending—you’re understanding. Active listening helps families feel heard and respected.,,"Curiosity cures conflict. If a parent is upset, lean in. Tell me more about that. Let them vent before you solve.","I can see that you're frustrated, can you tell me more about why?",true
70,Dental Assistant,Case Acceptance,Establishing Credibility,"When pulling up radiographs prior to doctor's arrival, I always highlight OVERJET, and explain the benefits to the patient.","By speaking confidently about the technology we use, it gives us credibility and authority.",,We're a cutting edge practice. Highlight this to make that clear.,"We actually use an AI powered X ray tool called Overjet. It's cutting edge technology that lets us identify issues earlier, and present them more easily to you.",true
73,Dental Assistant,Case Acceptance,Effective Objection Handling,"When hesitation surfaces, I always identify the primary concern, comfort, time, or cost, so I can respond to the right thing.",You're likely the first person to hear about a worry. That means you're the most likely to understand exactly where it's coming from.,,"Don't be afraid to slow down, ask questions, and help the parent feel heard about whatever their concern is.",,true
74,Front Desk,Clinical,Patient Flow Coordination,"I always write name, age, and any patient portion on the board after finishing check-in, and hand it directly to an available RDA.","Keep the board clean and color-coded, it’s how the team stays synced, we always hand it off to make sure that the back knows that a patient is ready.",,,,true
75,Front Desk,Clerical,Strategic Scheduling,I always use the CareStack list function to identify and contact 10 patients per empty treatment slot.,Use your tools like a pro. Ten quick contacts can turn an empty slot into a full day and make your schedule much healthier.,,Volume is the cure for empty chairs. Don't just call one; call ten. Use the Quick Fill list in CareStack to burn through numbers faster.,,true
76,Dental Assistant,Clinical,Accurate Charting,"As the doctor presents treatment options, I always actively listen, and accurately record all mutually agreed upon treatment.","Documenting agreed treatment clearly supports scheduling, billing, and follow-up care. Precise notes prevent confusion and keep the patient journey smooth.",,"Capture the agreement. If the parent agrees to the sealant but declines the fluoride, mark it immediately. Don't rely on memory.",,true
77,Dental Assistant,Case Acceptance,Clear Treatment Communication,I always invite the guardian to share back the key parts of the post-op plan to confirm their understanding and comfort with next steps.,A brief teach-back helps you catch misunderstandings early. It makes parents feel supported while ensuring their child’s recovery stays on track.,,"Verify understanding. Ask: Just so I know I explained it right, what is the plan for dinner tonight? (Soft foods/etc).","“Just to make sure I explained everything clearly, what will tonight look like for you two? What are the top things you’ll plan to do or not do after the numbing wears off?”",true
78,Dental Assistant,Clerical,Clerical Procedure Requirements,"For all patients, I always verify that the adult with them is listed on the Authorized Individual Form before beginning the appointment","Checking authorization keeps every interaction safe and compliant. This quick verification protects patients, families, and the practice.",,"Protect the minor. If Grandma brings the child, check the Authorized list before you talk about medical history. HIPAA matters.",,true
79,Front Desk,Clinical,Clinical Team Communication,I always transfer appointment related call summaries from VoiceStack into the patient memo.,Notes tell the story between calls and visits. Keep them updated so every teammate knows what’s already been said and what comes next.,,"If it's not in the note, it didn't happen. If you struggle to transfer notes, do it while you are on the phone, not after.",,true
80,Front Desk,Clerical,Communication Balancing,"I always complete all items in the VoiceStack ""To-Do"" list before the end of the day every day.","Finish what you start. A clear To-Do list means clean communication, no loose ends, and zero “Did anyone handle that?” moments.",,Clear the deck. Leaving tasks for tomorrow creates a debt that slows you down. Knock out the 3 easiest tasks on your list right now.,,true
82,Front Desk,Clinical,Daily Schedule Adaptability,"When I receive a same-day emergency call, I adjust schedules to accommodate, verify insurance if i can, and prepare patient to pay the 'Standard Limited Exam Fee' if I cannot.","Emergencies test your calm. Act fast, stay clear, and keep patients informed so the day stays under control, even when it’s not.",,Empathy + Boundary. You can care about their pain while being firm about the fee. Ask a Lead to roleplay the Limited Exam Fee conversation with you.,"I definitely want to make sure we can get you seen today, that's important! I'm going to do my best to get your insurance verified, but just a heads up that if I can't, there is a fee of $125 for the limited exam. This will include the exam and price for any x-rays the Doctor might need to take.",true
83,Dental Assistant,Cultural,Demonstrating Emotional Intelligence,"When I notice my own stress rising, I always pause for one deep breath to center myself before speaking or acting.","A quick reset protects the room from tension. One calm breath helps you show up with patience, clarity, and kindness—even in busy moments.",,"You can't pour from an empty cup. If you are frustrated, turn away for 3 seconds, breathe in for 4, out for 4. Reset before you re-engage.",,true
85,Dental Assistant,Case Acceptance,Effective Objection Handling,"When cost is a concern, I explain that the doctor has prioritized what’s most important to do first but that we can plan the rest in safe stages. I communicate the worries with the treatment coordinator.","Cost worries are normal. Staying calm and explaining that the doctor has already prioritized the safest order helps families feel supported—not pressured. Handing off to the treatment coordinator keeps the conversation clear, kind, and organized.",,"Don't negotiate clinical need. Validate the cost, then hand off. I know it's an investment. Let's have the Treatment Coordinator see how to fit this into your budget.","“Dr. Alex put this in order of what needs to happen first, and we can definitely do the rest in stages. Our treatment coordinator will walk through the options with you before you leave, how does that sound?",true
86,Front Desk,Case Acceptance,Effective Objection Handling,I always respond to cost concerns by higlighting all flexible payment options available.,"When money comes up, people tense up. Your calm, confident tone, and a clear list of options, turns a hard moment into a trust moment.",,Cost fear is real. Don't just list prices; offer solutions. Review the CareCredit and Payment Plan talking points today so you can offer them fluently.,"We completely understand. Many families use CareCredit, a third party financing company, to facilitate a payment plan option. Would you like more information on this?",true
88,Front Desk,Cultural,Empathetic Practice Policy Education,"Even if confirmed, I always call all treatment visits for the following day, review NPO guidelines, and communicate the importance of their attendance.","A reminder call isn’t just logistics, it’s reassurance. It shows families you’re invested in their visit and that every appointment matters.",,"A confirmation call is a medical safety check. If you feel rushed, pause. This call prevents the Sorry, we can't treat you conversation tomorrow.","“Hi, just calling to confirm tomorrow’s appointment. Please remember no food or drink after midnight so everything goes smoothly. We’re looking forward to seeing you!”",true
89,Front Desk,Cultural,Empathetic Practice Policy Education,"When a patient is greater than 10 minutes late, i always communicate our understanding, then acknowledge that their wait may be more than usual.","Late arrivals happen, how you handle them matters. Be kind, stay direct, and reset expectations so the visit still feels organized and calm.",,"Resetting expectations saves the relationship. Don't just say Okay. Say: We'll squeeze you in, but there will be a wait. Be honest about the consequence.","“No worries, we understand things happen, and even though you were late, we still will have space to see you today. I'll just ask you to be patient while we find an opportunity to get you back.""",true
90,Dental Assistant,Case Acceptance,Empowering Informed Decisions,"Before dismissal, I always ensure the next visit is scheduled at the clinically appropriate interval",Locking in the next visit keeps treatment on track. Making sure families know exactly who to reach out to prevents confusion and gives them a clear pathway for support.,,,,true
91,Dental Assistant,Case Acceptance,Establishing Credibility,"I always share a quick, positive story about how this treatment helped another child feel better or stay healthy (no names or details), so parents can picture the real benefit.","A short, anonymous success story helps parents imagine the positive outcome for their own child. It replaces fear with a clearer picture of what good care can do.",,"Social proof works. We had a kiddo just last week with this same issue, and they did great. Normalize the success.",“I actually helped a child with the same issue recently—after this treatment they were comfortable again within a day.”,true
93,Front Desk,Case Acceptance,Establishing Credibility,I always preview our use of OVERJET as the most 'advanced AI powered xray technology' when explaining the flow of a new patient visit.,"When you talk about OVERJET, keep it simple and confident. It tells families your team uses the best tools for their child’s care, no tech talk required.",,AI sounds scary; Precision sounds safe. Ask the Doctor to show you an OVERJET image so you can see exactly what you are describing to parents.,"We use a technology called OVERJET, it’s advanced AI that helps the doctor read X-rays more precisely and catch even tiny issues early.",true
94,Front Desk,Case Acceptance,Facilitating Smooth Processes,"For all new-patient booking calls, I direct the caller to their patient portal, and confirm they have been able to successfully log in before ending the call.","Before you hang up, make sure they can log in. One minute now saves five later and keeps paperwork from piling up at the front desk.",,,"“Before we finish, go ahead and check your email for a link to your patient portal. I'll stay on the line to make sure you can get in. Got it? Awesome, you'll want to complete all tasks here prior to arrival, that will help us make sure you visit runs on time.""",true
95,Front Desk,Clinical,Fundamental Dental Knowledge,I am able to summarize the basic steps for all common clinical procedures.,"Know the flow before the patient sits down. Explaining procedures clearly builds confidence, yours and theirs.",,"Patients fear the unknown. If you can't explain a Pulpotomy simply, ask a Lead RDA to describe it to you in plain English today.",,true
97,Dental Assistant,Clerical,Office Task Management,"Before lunch and at the end of the day, I always check high-turnover disposables and note anything running low so we never start short.",Quick supply checks prevent mid-day shortages. Catching low items early keeps procedures running smoothly and protects the pace of care.,,"No surprises. Check the high-volume items (suction tips, gauze) before the afternoon rush. Running out mid-procedure is preventable.",,true
98,Dental Assistant,Clinical,Patient Comfort and Communication During Procedures,"I always monitor patient comfort, scanning for breathing, tension, and signs of anxiety, and narrate progress or use distraction to reduce stress, unless the doctor is already managing comfort, in which case I support their lead.","Comfort cues are easy to miss. Noticing a child’s breathing or body tension early lets you step in before anxiety builds. If the doctor’s already leading, your role is quiet support, matching tone and reinforcing calm.",,"You are the patient's advocate. Watch their hands. If they clench, touch their shoulder and remind them to breathe. Don't just watch the tooth.","“You’re doing great. We’re almost through this next part—if you need a break, just let me know.”",true
99,Front Desk,Clinical,Patient Flow Coordination,When the treatment coordinator is occupied I always step in and handle any payment of outstanding balance using the card reader,"Step in when things jam. You’re not just helping with payments, you’re keeping the day from slowing down.",,"You are the backup engine. If the card reader intimidates you, grab a Lead right now and run a $1.00 test charge and refund. Muscle memory cures fear.",,true
100,Front Desk,Clerical,Patient Record Maintenance,"I set aside time daily to call or text people on the ""Incomplete Paperwork"" list in order to keep same-day verifications below 3%",Keep paperwork from becoming panic work. A quick call or text today prevents tomorrow’s bottleneck.,,Chasing forms is better than stalling the clinic. Send 3 texts right now to tomorrow's Incomplete list. Future-you will thank you.,"Hi there, this is Denise from Alcan Dental! I noticed there are a few missing forms in your portal. Please take some time and complete that paperwork before your kiddo's appointment tomorrow so there aren't any delays once you arrive.",true
102,Dental Assistant,Clinical,Sterilization and Procedure Preparation,I always review the entire room reset checklist and confirm every item is complete before considering the room ready for the next patient.,"A complete reset keeps every patient safe and every provider set up for success. Following the checklist ensures nothing gets missed and the room starts clean, stocked, and ready.",,Don't trust your memory; trust the checklist. One missed item can delay the next appointment. Physically touch the checklist for your next turnover.,,true
103,Front Desk,Clerical,Strategic Scheduling,I always make sure there are zero 'pending follow up' items inside the VoiceStack Opportunities tab by the end of the day,"End every day clean. When follow-ups are handled, the system, and the team, runs smoother.",,"A clean dashboard is a clean mind. If Pending Follow-ups are piling up, ask the Office Manager to help you triage the list for 15 minutes today.",,true
104,Front Desk,Case Acceptance,Treatment Communication,"When a clinical question is beyond my knowledge, I create and assign a 'To-Do' in VoiceStack (phone) or CareStack (in-person), and inform the patient that someone will reach out within 24 hrs.","You don’t need to know everything, you just need to close the loop. Logging a To-Do and setting clear follow-up expectations shows accuracy and accountability.",,"I don't know is a brave answer, as long as it's followed by I'll find out. Log the To-Do immediately. If you forget to log tasks, use a sticky note buffer.",,true
105,Dental Assistant,Cultural,Trust Building Interactions,"I always use the question ""What are your goals for your child's oral health over the next 5 years?"" during a new patient appointment.",Asking about goals shows the parent that their priorities matter. It gives the doctor helpful context and helps families feel like true partners in their child’s care.,,,"“Before we get started, what goals do you have for your child’s oral health over the next few years?”",true
106,Front Desk,Cultural,Trust Building Interactions,"I always ask patients at least one curious, open-ended question during the check in process.",Curiosity creates connection. One sincere question can shift a rushed check-in into a real conversation.,,Break the script. Ask one kid today: What was the best part of your weekend? Watch how it changes the energy of the check-in.,Hi there! I love your outfit today. What did you do over the weekend?,true
107,Front Desk,Clerical,Welcoming Environment,I always check throughout the day to make sure the correct music is playing at an appropriate level,"The sound of the office shapes how people feel. Keep it calm, friendly, and at a volume that lets conversation breathe.",,"Vibes matter. If the music is too loud or too sleepy, change it. You are the DJ of the patient experience.",,true
108,Front Desk,Cultural,Welcoming Presence,"As part of the administrative team, I always dress in business casual attire when I am at work, even on non-patient days","The way you show up changes the energy of the whole office. Professional doesn’t mean fancy, it means showing pride in your work every day.",,"Your look signals authority. If you're unsure about an outfit, check the Culture Guide or simply ask a Lead DFI: Is this client-ready?",,true
109,Front Desk,Cultural,Handling Critical Feedback,"When presented with critical feedback, I always ensure that a next-step or resolution has been found before finishing the interaction.","Don’t end a feedback talk without a plan. We don't want to walk away without knowing at least a next step, even if it's just coordinating a chat with a manager.",,"Don't let them leave angry. Before they go, ask: Do you feel like we have a plan to fix this? If they say no, get the Manager.",,true
114,Front Desk,Clerical,Strategic Scheduling,Every day I pull the Same Day Verification report for the next 3 days and send it to Medusind,Staying ahead on insurance verification keeps appointments smooth and reduces day-of delays. A quick daily report ensures families are ready and the clinical team isn’t stuck waiting.,,"This prevents billing fires. If Medusind doesn't get this, we work for free. Make this the very first thing you do after logging in, even before checking email.",,true
119,Front Desk,Case Acceptance,Effective Objection Handling,"I always state that fluoride will be done and note the uncovered fee, rather than asking permission, and I direct any follow-up questions to the clinical team.","Stating fluoride confidently helps avoid confusion and keeps the visit on track. You normalize the recommendation, explain the uncovered fee, and let the clinical team address any detailed questions.",,"Don't ask for permission; inform of the plan. Instead of Do you want fluoride?, say: We're applying the fluoride varnish today. Confidence prevents the objection.","""The Doctor is recommending fluoride and xrays today. Your estimated patient portion for that is $30. The clinical team can walk you through any questions once you’re in the back.”",true
120,Dental Assistant,Clinical,Sterilization and Procedure Preparation,I always use fresh cleaning rags for each individual patient encounter,Using a new rag for every patient protects against cross-contamination and keeps the room visibly clean. It’s a small step that makes a big difference in safety.,,"Visibility is trust. If a parent sees a used rag, they doubt the sterile instruments. Use a fresh rag for every single patient, no exceptions.",,true
121,Dental Assistant,Cultural,Trust Building Interactions,I always offer parents a coffee and patients a blanket prior to all procedures.,"Small gestures make big impressions. Offering comfort items helps families relax and shows that you’re thinking about their experience, not just the procedure.",,"Comfort comes first. Before you lean the chair back, offer a blanket. It takes 10 seconds and buys you 10 minutes of cooperation.",“Can I get you a coffee? And would you like a blanket while we wait for Dr. Eduardo?,true
122,Dental Assistant,Cultural,Trust Building Interactions,I always set patients up for comfort by offering a headset and asking them what they'd like to watch.,Helping the patient choose something to watch gives them control and distraction during the visit. It turns an unfamiliar procedure into something familiar and safe.,,Give them control. Letting the child pick the show gives them agency in a scary environment. Do this before you open any instruments.,,true
123,Dental Assistant,Clerical,Patient Record Management,"After each applicable procedure, I always attach one intraoral photo to support patient understanding and insurance documentation.",A clear photo helps parents understand the procedure and strengthens documentation for the doctor and insurance. It’s a quick step that adds clarity for everyone.,,"A picture justifies the claim. If you struggle to get good angles, grab a Lead RDA between patients and practice your camera positioning.",,true
124,Dental Assistant,Clerical,Patient Record Management,I always complete and save clinical notes as a draft before the end of each appointment.,Complete notes keep the entire care team aligned. Finishing them before the appointment ends ensures accuracy and prevents details from being forgotten.,,"Notes are legal documents. Don't wait until lunch. Finish the draft before you dismiss the patient, while the details are fresh.",,true
126,Dental Assistant,Clinical,Patient Comfort and Communication During Procedures,"When the doctor enters, I always present the patient by name, state the planned procedure, share relevant medical history, and relay any parent questions or concerns.",A smooth handoff helps the doctor focus immediately and shows the family that you’re all on the same page. Presenting the patient clearly builds trust and keeps the visit efficient.,,"Summarize to build trust. State the plan clearly in front of the parent: This is [Name], we are doing [Procedure]. It shows the team is aligned.","""Dr. Alex, Max is 5 years old and is here today with his mom, Mrs Smith. This is the 2nd time we've seen Max and he's in today for his check up and cleaning. Max has a history of asthma and uses an inhaler when he is sick. Mrs. Smith mentioned that she is concerned he hasn't lost any teeth and would like you to check on that. Max did great for his cleaning, x-rays were a little hard for him to bite on but I'm really proud of him for trying today! I am sure you remember that Max loves monster trucks, so I told him you were going to check and see if there were any monster truck tracks in his mouth today!""",true
127,Dental Assistant,Clinical,Patient Comfort and Communication During Procedures,I always play the correct Parent Pre-Treatment video prior to Dr. arrival in the room,"This video helps make sure parents understand their role is during the treatment, and helps prevent interruptions as much as possible.",,Let the screen do the teaching. Playing the video ensures the parent gets the standard info while you set up the tray.,,true
128,Dental Assistant,Clerical,Office Task Management,I’m always prepared to perform any maintenance or compliance task listed in the Uptime checklist when assigned.,Staying ready for maintenance tasks keeps the office safe and compliant. Following the checklist consistently supports the entire team’s workflow.,,Consistency is safety. Don't skip the boring checks. Verify the O2 tank or the autoclave logs. It matters.,,true
129,Dental Assistant,Clerical,Coordinating Patient Flow,"I always actively manage doctor flow by clearly communicating when and where patients are ready, including location, procedure, and patient type, to keep the schedule running smoothly.","Clear, proactive updates keep the doctor moving efficiently. Sharing the right details at the right moment prevents confusion and helps the entire day run smoothly.",,Be the traffic controller. Tell the doctor exactly where to go next. Room 2 is ready for numbing. Direct traffic to save time.,,true
130,Dental Assistant,Clerical,Coordinating Patient Flow,I always maintain the same professional pace and focus whether the office is calm or hectic.,A steady pace builds trust with both patients and the team. Staying consistent—even when things get busy—helps the day feel organized instead of chaotic.,,"Calm adds speed. Rushing creates mistakes. Take one deep breath. Move with purpose, not panic. The patient mirrors your energy.",,true
131,Dental Assistant,Case Acceptance,Effective Objection Handling,I always communicate the importance of X-rays to our standard of care any time a parent objects or attempts to decline them.,X-rays help the doctor catch things we can’t see with our eyes. Explaining that clearly—and kindly—helps parents understand that imaging isn’t optional; it’s part of providing complete and safe care.,,To see is to know. Explain: We can't fix what we can't see. The X-ray ensures we don't miss a cavity hiding in between.,"“X-rays help us find things we can’t see from the surface, so they’re incredibly important for keeping your child’s care safe and accurate. If you have questions or concerns, we can certainly wait and ask Dr. Jess when she gets here.""",true
132,Dental Assistant,Cultural,Handling Constructive Feedback,"When presented with critical feedback or conflict from a parent or guardian, I always ensure that a next-step or resolution has been found before finishing the interaction.",Every piece of feedback needs a clear finish. Ending with a concrete next step shows professionalism and turns criticism into forward motion.,,,“Here’s what I’ll do next: I’ll update the doctor about your concern and make sure we adjust the plan so this doesn’t happen again.”,true
149,Front Desk,Cultural,Welcoming Presence,"I always center myself and smile in real life before answering the phone, ensuring a warm tone of voice.","Families can hear your smile. Taking a breath before answering helps you sound warm and steady, turning every phone call into a positive first impression.",,"You can hear a smile. If you're stressed, the caller hears Busy. Take one breath, physically smile, then pick up. It hacks your brain into warmth.",,true
150,Front Desk,Clerical,Communication Balancing,"When I am on the phone and a patient walks in, I find the soonest natural break and kindly place them on a brief hold in order to serve the patient in front of me.","Balancing in-person and phone communication takes awareness. Stepping away at a natural pause lets you greet walk-ins warmly without leaving your caller hanging. Both patients feel seen, not sidelined.",,"The person in front of you wins. It feels rude to interrupt the caller, but it's worse to ignore the lobby. Practice the phrase: I have a patient walking in, may I place you on a brief hold?","“Thank you ,  now, if you'll give me one quick moment, I’m going to place you on a brief hold and then I'll be right back with you.",true
151,Front Desk,Clerical,Communication Balancing,"I always check the voicemails / missed calls on Voicestack in the AM, at lunch, and in the PM and take action as necessary.","Checking missed calls throughout the day keeps communication tight and prevents families from feeling ignored. A quick sweep in the morning, at lunch, and before closing helps make sure no one slips through the cracks.",,"The AM/Lunch/PM rhythm is non-negotiable. If you skip the Lunch check, the PM pile becomes unmanageable. Set a phone alarm for just before Lunch to clear the board.",,true
152,Front Desk,Clerical,Strategic Scheduling,Every Monday I use Carestack to pull the 'Interpreter Report'  for the next 2 weeks and schedule interpreters as necessary.,Planning interpreters ahead of time removes stress for families and the clinical team. A quick Monday check ensures every patient feels supported and nothing gets missed at the last minute.,,"Monday automation sets up the week. If you forget this, we scramble later. If necessary, set a recurring reminder on your phone for Interpreter Audit at 9:00 AM on Mondays right now.",,true
153,Front Desk,Clerical,Strategic Scheduling,Every Monday I pull the missing codes report for the next 3 months and fill in all missing codes,Filling in missing codes early keeps schedules accurate and prevents last-minute surprises. A weekly sweep ensures records are complete and billing runs smoothly.,,"Missing codes mean missing revenue. If scanning 3 months feels overwhelming, break it down. Do Next Month today, and the rest tomorrow. Just get started.",,true
154,Front Desk,Cultural,Empathetic Practice Policy Education,"I always remind patients to access and complete the patient portal prior to arrival, and warn about delays if they do not",A gentle reminder about the portal helps families come prepared and keeps their visit running smoothly. Setting expectations early prevents delays and shows that you’re looking out for their time.,,"The warning isn't a threat; it's a kindness. If you don't warn them about the delay, they will blame you when they have to wait. Say: To keep your appointment time protected, we need this done now.","“If you can complete the portal forms before you come in, it keeps your visit smooth. If not, just a heads-up ,  it may add a few minutes at check-in.”",true
155,Front Desk,Cultural,Trust Building Interactions,I always apply the Alcan template to write a personalized response to all positive Google reviews within 24 hrs.,Responding to positive reviews quickly shows gratitude and strengthens relationships. Personalizing each message makes families feel recognized and reinforces what they loved about their visit.,,Speed matters. A response 3 days later looks automated. Copy the Alcan Template to a sticky note on your desktop so you can paste-and-personalize in 30 seconds.,,true
156,Dental Assistant,Clerical,Office Task Management,I always schedule the 6-month recare apppointment while the patient is in-chair,"Keeping our patients in a consistent flow is crucial, and you're in the best position to make sure this gets done every time.",,Don't rely on the front desk. The best time to rebook is when the patient is happy in the chair. Say: Let's secure your spot for 6 months so you get the time you want.,"Ok, before you get out of here, we'll get your next appointment on the books. 6 months from now puts us into July. Tell me what day of the week you have the most control over your schedule, and I'll find some possible times for us.",true
157,Dental Assistant,Clinical,Patient Comfort and Communication During Procedures,"Before treatment begins, I always preview the doctor, the procedure, and invite any questions or concerns from the parent or patient.","Kids relax when they know what’s about to happen, and parents trust you when you take time to include them. A calm preview sets the tone, everyone understands what’s next, and the doctor walks into a prepared, confident room.",,"By providing a clear description of what's next, you give patient and parent a chance to calm, and to get a pulse check that you can relay to the doctor.","Ok, so Dr. Alex will be starting that extraction in a second. Before I go and get her, can you tell me how you're feeling about the procedure today?",true
160,Front Desk,Case Acceptance,Treatment Communication,"I always use ""estimated insurance benefits/ savings"" and ""patient portion/ responsibility"" instead of ""covered/not covered"" and ""out-of-pocket"".","We always refer to insurance as a benefit or a savings so there's less surprise when treatment isn't fully covered. ""Out-of-pocket"" gives families the mental image that we’re “reaching into their pocket” for money.",,,"“Today we’ll be completing the exam, any medically necessary radiographs, the cleaning, and protective fluoride varnish. Your estimated insurance savings are $52, and your estimated patient responsibility is $26.”",true
161,Dental Assistant,Case Acceptance,Clear Treatment Communication,"I always use ""estimated insurance benefits/ savings"" and ""patient portion/ responsibility"" instead of ""covered/not covered"" and ""out-of-pocket"".","We always refer to insurance as a benefit or a savings so there's less surprise when treatment isn't fully covered. ""Out-of-pocket"" gives families the mental image that we’re “reaching into their pocket” for money.",,Our language sets the tone. Try to catch yourself using these phrases and eliminate them from your work vocabulary.,"“Today we’ll be completing the exam, any medically necessary radiographs, the cleaning, and protective fluoride varnish. Your estimated insurance savings are $52, and your estimated patient responsibility is $26.”",true
163,Dental Assistant,Case Acceptance,Effective Objection Handling,"When discussing Zirconia crowns with a guardian, I always communicate their value by highlighting that we're unique in placing them, their improved appearance, and their long term durability.","We believe in this treatment, even if insurers don't. So we need to be able to explain why, and why the family should care.",,,"“Given where this cavity is, the best fix is a zirconia crown. It’s a tooth-colored ceramic cap that protects the tooth and looks like a real tooth. We get lots of positive feedback on them. 

A lot of offices stick to the silver ones—our doctors place zirconia all the time and are super dialed on fit and bite, so it’s comfortable and holds up well. Doctor Alex will show you exactly how it works and what to expect after.",true
164,Front Desk,Clerical,Patient Record Maintenance,"I always begin my check in process by confirming the preferred name and relationship for the person who has brought the patient (i.e mom, aunt, grandma), and checking to ensure they are authorized.","This first matters for HIPAA compliance, but also because it's valuable for us to know exactly what folks like to be called!",,"Don't forget this, it's CRUCIAL that we make sure patients are with someone approved to bring them in for treatment. It never hurts to ask!","""Hi there, welcome in, can I ask who we are checking in today?""

""Awesome, and what is your name and your relationship to Jessica?""

""Ok Denise, thanks for checking her in. Let me check our documentation to make sure you're listed as someone who can bring Jessica to our office....""

""Great, it looks like you're on our list. Is it ok if I introduce you to the team as Denise? Or do you have another preference?""",true
165,Office Manager,Clinical,Team Training Oversight,I always verify team attendance for both ProMove meetings each week and follow up with any team member who misses one within one business day.,"Ensuring consistent attendance at ProMove meetings keeps everyone aligned on priorities and learning, and prevents the same people from repeatedly missing key development time.",Block time each week to check attendance right after meetings and send quick follow-ups to anyone who missed.,,,true
166,Office Manager,Clinical,Patient Care Standards,"I always schedule time each week to observe the RDA to Doctor hand-off, document at least one opportunity for improvement, and follow up with the appropriate team member about it.",Regularly observing clinical hand-offs helps catch small communication gaps before they become bigger patient experience or clinical quality issues.,Put a recurring weekly calendar block to shadow hand-offs and write down at least one concrete improvement to discuss.,,,true
167,Office Manager,Clinical,Compliance and Safety,"Each week, I review all Uptime tasks related to clinical equipment with my Lead RDA and ensure every item is either completed or has a clear due date before the end of that week.","Reviewing Uptime tasks weekly keeps clinical equipment safe, compliant, and ready, reducing the risk of breakdowns and safety incidents.",Set a standing weekly meeting with your Lead RDA to review Uptime tasks together and close any open items.,,,true
168,Office Manager,Clerical,Operational Efficiency,"I always review last week’s key KPIs every Monday (i.e production, collections, Google Reviews, and New Patient #’s), identify problem areas, and send my Regional Manager an action plan to address.","A weekly KPI review with an action plan keeps the practice focused on the numbers that matter and turns issues into concrete steps, not just awareness.","Protect time every Monday to review KPIs and send a short, specific action plan email to your Regional Manager.",,,true
169,Office Manager,Clerical,Schedule and Flow,I always take action on every item in the the Voicestack “Potential Opportunities” column before the end of the day.,"Acting on Voicestack opportunities daily prevents missed treatment, callbacks, and follow-ups that would otherwise leak revenue and hurt patient experience.",Schedule a short block near the end of each day to clear or assign every “Potential Opportunities” item.,,,true
170,Office Manager,Clerical,Schedule and Flow,I always ensure the phone is answered by either me or a team member within 3 rings,Holding the team to a three-ring standard reduces missed calls and gives parents confidence that the office is responsive and organized.,Review call reports regularly and coach team members when the three-ring standard isn’t being met.,,,true
171,Office Manager,Clerical,Schedule and Flow,"I always ensure that all appointments scheduled within the next 48 hours have a documented confirmation (call, text, or email) by either myself or my team.",Confirming upcoming appointments 48 hours in advance reduces no-shows and last-minute gaps that hurt production and flow.,Build a daily 48-hour confirmation routine and check the report until it’s consistently at 100%.,,,true
172,Office Manager,Clerical,Schedule and Flow,I always review the schedule 48 hours in advance and ensure families missing paperwork are contacted with clear instructions by either myself or my team.,Catching missing paperwork ahead of time prevents bottlenecks at check-in and helps the day start smoothly for both staff and families.,Add a 48-hour paperwork review to your daily schedule and verify that every family has been contacted.,,,true
173,Office Manager,Clerical,Schedule and Flow,I always review Iris chats at the end of each day and ensure all messages are responded to or assigned to a specific owner by either myself or my team.,Closing out Iris chats daily keeps digital communication tight and prevents parent messages from slipping through the cracks.,"Before leaving, open Iris and make sure every chat is either answered or clearly assigned.",,,true
174,Office Manager,Clerical,Schedule and Flow,I always check for and ensure a response to all online appointment requests every day.,Responding to online appointment requests daily shows parents you are responsive and prevents missed opportunities to fill the schedule.,"Set a daily reminder to check online requests and make sure each one is scheduled, declined with a note, or set for follow-up.",,,true
175,Office Manager,Clerical,Root Cause Analysis,"I always analyze common claim flags at least once a week and communicate specific behavior changes to the team during huddle, then monitor whether those flags decrease over time.",Looking at patterns in claim flags and changing behavior prevents the same billing mistakes from happening over and over again.,"Choose one or two recurring flag types each week, share the “why” in huddle, and track if those flags drop.",,,true
176,Office Manager,Clerical,Revenue Cycle Management,I always review all uncollected balances two business days before the scheduled appointment,Reviewing uncollected balances ahead of visits allows you to plan for conversations and avoid surprises at the front desk.,Use a 2-day-ahead report to flag uncollected balances and note how each account will be handled at the visit.,,,true
177,Office Manager,Clerical,Revenue Cycle Management,I always ensure families with uncollected balances are contacted by phone or text prior to their appointment to review payment expectations or arrangements.,Proactively contacting families about balances reduces awkward day-of conversations and improves the chance you’ll collect what is owed.,Make it a habit to reach out early about balances so families know what to expect before they arrive.,,,true
178,Office Manager,Clerical,Revenue Cycle Management,I always complete and submit the Daily Production Report and verify it matches production figures in Carestack before 10am the following day.,Completing and reconciling the Daily Production Report keeps your numbers accurate and builds trust in the practice’s reporting.,Block time each morning to finish the DPR and double-check it against Carestack before 10am.,,,true
179,Office Manager,Clerical,Revenue Cycle Management,I always review claim flags daily and work or assign them so that unactioned flags remain below 10.,"Keeping claim flags low ensures claims move quickly, reducing delays in payment and preventing growing backlogs.",Check claim flags every day and don’t let the unactioned count creep above 10.,,,true
180,Office Manager,Cultural,Leading and Coaching,"I always walk the floor twice daily to check in briefly with every team member, address any immediate barriers, and give specific encouragement when I see something done well.","Being visibly present and supportive on the floor builds morale, surfaces issues early, and reinforces positive behaviors in real time.","Set two daily reminders to step out of your office, walk the floor, and connect with each team member.",,,true
181,Office Manager,Cultural,Trust Building,"I always personally follow up with any parent concern or complaint escalated to me before the end of the next day, clearly summarizing what we’ll do next and how they can reach me if necessary","Prompt, personal follow-up on escalated concerns shows parents that their experience matters and helps rebuild trust after a problem.","When a concern is escalated, note it immediately and schedule time to call or speak with that parent before the next day ends.",,,true
182,Office Manager,Cultural,Emotional Intelligence,"I always stay aware of the overall mood in the office throughout the day, I pause what I’m doing as necessary to either reset the tone with encouragement and clarity or address the source of tension directly with the team.","Managing the overall mood in the office keeps stress from spreading and helps the team stay calm, focused, and patient-centered.","When you feel the energy dip or spike, take a moment to name it, reset expectations, and offer calm, clear guidance.",,,true
183,Office Manager,Cultural,Community and Marketing,"I always confirm that our assigned social media content for the week (photos, videos, or stories) has been gathered from the team and submitted to the marketing contact by the end of the last clinic day of the week.",Consistently submitting social content keeps your community presence active and shows families what makes your practice special.,Choose a specific day each week to collect content from the team and send it to marketing before the day ends.,,,true
184,Office Manager,Case Acceptance,Case Communication,"I always use the language ‘estimated insurance benefits’ and ‘estimated family contribution,’ and I never use the words ‘covered’ or ‘out-of-pocket’ when discussing costs with parents.","Using precise, consistent language about costs reduces confusion and prevents parents from feeling misled about what insurance will pay.",Practice this phrasing before case presentations so it becomes automatic in every money conversation.,,,true
185,Office Manager,Case Acceptance,Financial Coordination,I always respond to financial concerns with a clear explanation of all options including reasonably breaking up treatment and using CareCredit,"Offering clear, flexible payment options helps parents say yes to needed treatment without feeling pressured or stuck.","When a parent hesitates over cost, slow down and walk through each payment option calmly and clearly.",,,true
186,Office Manager,Case Acceptance,Treatment Plan Follow-Up,I always review and submit all preauthorization documentation no more than 48 hours after treatment acceptance.,Submitting preauthorizations within 48 hours speeds up insurance decisions and keeps treatment moving forward without long delays.,"After a case is accepted, make it a rule to start and finish preauths within the next two working days.",,,true
187,Office Manager,Case Acceptance,Treatment Plan Follow-Up,I always review preauthorization approvals every day and follow up with insurance as necssary.,Checking preauth approvals daily ensures you don’t miss a green light from insurance or let stalled cases sit without action.,Add preauth approvals to your daily checklist and follow up on anything pending or unclear.,,,true
188,Office Manager,Case Acceptance,Patient Experience,"I always personally complete the full check-in process with at least one family each day, modeling over-the-top hospitality by greeting them by name, confirming comfort, offering amenities, and setting clear expectations for the visit so the team sees the standard we expect.",Personally modeling exceptional hospitality sets the tone for the whole team and shows exactly what a 5-star check-in should look and feel like.,Choose one family each day to check in yourself and use that moment to model the warmth and clarity you expect from the team.,,,true
189,Doctor,Clinical,Chart Accuracy,"I always verbalize the exam findings in it's entirety to the RDA/AI- including: extraoral findings, TMJ, intraoral soft tissue findings, current dentition, hard tissue findings, radiographic findings, occlusion, and airway.","Using a consistent verbal exam sequence ensures that every critical part of the evaluation is completed and documented, reducing the risk that important findings are missed.

Speaking findings clearly and in the same order each time allows the RDA and AI documentation tools to accurately capture the exam, improving charting quality and reducing the need for corrections after the visit.",,,,true
190,Doctor,Cultural,Family Presence & Communication,"I always check to confirm parent alignment with the mutually agreed upon treatment recommendation before leaving the room- directly asking them ""how are you feeling about the plan as it stands?""","After reviewing treatment recommendations, I pause to check how the parent is feeling about the plan to ensure they feel heard and comfortable moving forward. This brief alignment check reinforces shared decision-making, builds trust, and helps prevent confusion or hesitation about next steps.",,,,true
191,Doctor,Case Acceptance,"Comfort, Safety & Sedation Guidance","I always offer and consider general anesthesia as a treatment modality for extensive treatment needs (3+ quads) children with behavioral concerns, or medically complex children who are high risk candidates and not suitable for oral sedation, or based on parent preference for GA.","For children requiring extensive treatment, pre-cooperative patients, or those with special healthcare needs, I consider general anesthesia as a safe and predictable option to complete care comfortably and effectively. Recommending GA when appropriate helps prevent traumatic or failed sedation attempts and allows comprehensive treatment to be completed efficiently in a controlled environment.",,,,true
192,Doctor,Clinical,Treatment Planning for Long Term Health,I always strive to maximize treatment accomplished per visit to increase parent satisfaction and my production per appointment goals.,"When children are comfortable and the schedule allows, I aim to complete multiple quadrants of treatment during a successful nitrous or oral sedation visit to reduce the number of appointments families need. Consolidating care improves efficiency for the practice while minimizing missed school, missed work, and additional sedation visits for families.",,,,true
193,Doctor,Clinical,Treatment Planning for Long Term Health,"I always offer same day sealants, hall crowns, and space maintainers - and always consider other same day restorative treatment when the schedule permits.","When clinically appropriate and the schedule allows, I offer same-day treatment opportunities to reduce unnecessary return visits for families. Addressing small or preventive needs during the same appointment improves convenience for parents, strengthens patient satisfaction, and makes better use of available chair time.",,,,true
194,Doctor,Cultural,Family Presence & Communication,I always use authentic conversation and storytelling with relatable examples to build trust with patients and parents.,"At every patient interaction, I strive to communicate in a way that feels human, relatable, and authentic, using clear explanations, conversational language, and appropriate storytelling to help families understand their child’s oral health.

Rather than delivering information in a purely clinical or transactional way, I aim to create a comfortable dialogue that builds trust and connection.",,,,true
195,Dental Assistant,Clinical,Patient Comfort and Communication During Procedures,"After treatment I always share clear instructions and set expectations for patients and parents about numbness, food/drink to avoid, and reasons to call in case of concern.","You are the conductor, even though the doctor performs the procedure, it's your patient. You make sure that the parents and patients understand what they need to in order to have the best post-op experience possible",,This is really important! Go ahead and find someone to practice this with.,"For a Filling

""Ok Mrs. Jackson, Dr. Alex just got done doing a filling. Your son is going to experience some numbing in that area for a little while; that's totally normal. As soon as the that numbness wears off, he can eat and drink like normal. If Jason experiences any excessive pain or discomfort, that'd be a good idea to call us right away to get taken care of. 

For an Extraction

We did an extraction today they'll be numb for about another hour, please watch them to make sure they don't bite themselves. While the extraction is healing, avoid straws or spitting really hard. Bleeding has stopped for now but if there is any increase in bleeding, please go ahead and call us right away so that we can make sure that he's ok.",true
196,Doctor,Cultural,Team Flow & RDA Partnership,"I always stay aware of appointment time expectations and use my time intentionally so each patient receives focused, high-value care without negatively impacting the rest of the schedule.",,,,,true
197,Doctor,Cultural,Reliability & Professionalism,"I always stay aware of my attitude, energy, and presence throughout the day, recognizing that as the doctor I set the tone for the entire clinical team.",,,,,true
198,Doctor,Clinical,Treatment Planning for Long Term Health,"I always recommend a crown as the treatment option with the highest long-term success rate for primary tooth lesions that are structurally high-risk—specifically MO lesions on first primary molars, MOD lesions on any molar, lesions more than 50% into dentin, anterior lesions involving 3 or more surfaces or the incisal edge, and lesions of any size in a child being treated under general anesthesia.",,,,,true
199,Doctor,Clinical,Treatment Planning for Long Term Health,"I treatment plan anterior teeth under general anesthesia with heightened caution and transparency, recommending zirconia crowns for restorable teeth or extraction when prognosis is poor.",,,,,true
200,Doctor,Clerical,Follow Through and Review,"I always focus on diagnosing and recommending the best treatment plan for the child, and I defer detailed financial coordination to the practice’s administrative team.",,,,,true
201,Doctor,Clerical,Follow Through and Review,"I always ensure that all procedures requiring special consent have the correct consent form completed, signed, and documented in the patient chart before treatment begins.",,,,,true
202,Doctor,Clerical,Follow Through and Review,I always review our parental separation policy for oral sedation and general anesthesia during the treatment planning appointment so parents are not surprised on the day of treatment.,,,,,true
203,Doctor,Clinical,Treatment Planning for Long Term Health,"I always provide exceptionally thorough evaluations and definitive treatment planning for patients facing significant barriers to care (geographic, financial or otherwise), recognizing that each visit may represent a rare opportunity to improve their oral health.",,,,,true
204,Doctor,Clinical,Treatment Planning for Long Term Health,I always include an indirect pulp cap (IPC) in the treatment plan when a lesion approximates the pulp and pulp protection may be needed.,,,,,true
205,Doctor,Clinical,Treatment Planning for Long Term Health,I always adhere to the AAPD Maximum Recommended Dose (MRD) and weight-based dosing guidelines for all oral sedation medications and never exceed these limits.,,,,,true
206,Front Desk,Clinical,Clinical Team Communication,I always review patient notes and appointment details before starting the check-in process.,"Knowing what's in a patient's notes before they arrive lets you anticipate needs, flag anything unusual to the clinical team, and avoid being caught off guard at the desk.",,"Think about the last time something caught you off guard at check-in — a medical alert, an outstanding balance, a patient preference. Reviewing notes in advance is what prevents those moments.",,true
207,Front Desk,Clinical,Clinical Team Communication,I always inform the clinical team of any outstanding or expected patient balances before the patient is seated.,"Giving the clinical team a heads-up about outstanding balances means nothing comes as a surprise, and financial conversations stay at the front desk where they belong.",,"If this slipped, the clinical team may have been caught off guard in the surgery. Build this into your check-in routine before your next shift.",,true
208,Front Desk,Clinical,Clinical Team Communication,I always let new patients know at check-in that their dental nurse will collect them for a brief scan before they meet the dentist.,New patients who understand the flow of their appointment feel more in control and arrive at the chair with fewer anxieties — and fewer questions for the clinical team.,,"First impressions matter most with new patients. A quick, clear preview of what to expect sets the whole appointment up well — try scripting this so it comes naturally.",,true
209,Front Desk,Clinical,Daily Schedule Adaptability,"I always contact patients on the short-notice list daily, prioritising same-day and next-day open slots.",Consistently working the short-notice list keeps the diary full and reduces lost revenue from last-minute cancellations.,,An empty slot costs the practice real money. Even one call a day to the short-notice list makes a measurable difference — what's getting in the way of making it happen?,,true
210,Front Desk,Clinical,Daily Schedule Adaptability,I always communicate individually with all patients in the waiting area when we are running more than 10 minutes behind schedule.,"Patients who are kept informed feel respected even when things aren't running to time — silence breeds frustration, a quick update builds trust.",,"Think about the last time a patient looked frustrated in the waiting area. A brief, honest update takes 20 seconds and changes the mood entirely. Make it a habit.",,true
211,Front Desk,Clinical,Daily Schedule Adaptability,"I always offer same-day emergency patients a specific appointment time when available, or a sit-and-wait option with clear expectations about wait time.",Emergency patients are already stressed — giving them clarity about their options and realistic expectations prevents conflict and builds loyalty.,,"Emergency patients left uncertain about whether they'll be seen tend to escalate. Giving a clear answer, even if the wait is long, keeps everyone calmer. Review how you're handling these calls.",,true
212,Front Desk,Clinical,Fundamental Dental Knowledge,I can list all common dental procedures and their typical durations from memory.,"Confident, accurate scheduling starts with knowing your procedures — a receptionist who can recall timings from memory earns trust from both patients and the clinical team.",,Spend 10 minutes this week going through the procedure list in CareStack. Being able to recall durations quickly makes every booking call noticeably smoother.,,true
213,Front Desk,Clinical,Fundamental Dental Knowledge,I can summarise the basic steps for all common clinical procedures when a patient asks.,Patients who understand what a procedure involves are more likely to accept it — a receptionist who can explain it simply and confidently is a key part of the case acceptance chain.,,You don't need to be a clinician to explain a filling or a scale and polish. Identify the two or three procedures you're least confident describing and focus on those first.,,true
214,Front Desk,Clinical,Fundamental Dental Knowledge,"I always offer relevant branded treatment literature to patients at check-out, particularly those who are undecided about a recommended treatment.",Leaving a patient with something tangible to read keeps the treatment conversation alive and reduces the chance of a warm lead going cold before their next visit.,,"If a patient walked out undecided and without literature, the practice has likely lost that treatment. Make sure the right brochures are stocked at your station and visible at check-out.",,true
215,Front Desk,Clinical,Patient Flow Coordination,I always alert the clinical team immediately after completing patient check-in.,The clinical team can only run on time if they know a patient is ready — a delay in alerting them is a delay absorbed by every appointment that follows.,,Even a 2-minute lag between check-in and alerting the team can throw the diary off. Review how you're currently signalling patient readiness and whether there's a faster method.,,true
216,Front Desk,Clinical,Patient Flow Coordination,I always notify the Lead Dental Nurse if a patient has been waiting for longer than 10 minutes after check-in.,Proactively flagging delays keeps the clinical team accountable for patient flow and prevents a patient from feeling invisible in the waiting area.,,"If you noticed the wait was long but didn't flag it, think about what stopped you — was it unclear who to contact, or did you assume someone else was on it? Make the escalation automatic.",,true
217,Front Desk,Clinical,Patient Flow Coordination,I always process outstanding balance payments as part of the check-out process.,"Check-out is the right moment for financial conversations — a calm, dedicated exchange at reception is far more effective than anything that might happen in or near the surgery.",,"Outstanding balances that aren't addressed at check-out tend not to get addressed at all. If the conversation feels awkward, there's scripting in your learning resources to help.",,true
218,Front Desk,Clerical,Communication Balancing,"I always answer phones within 3 rings, respond to texts within 3 minutes, and return emails within 3 hours.",Response time is often the first impression a prospective patient has of the practice — missing these targets means missed opportunities and signals that we're difficult to reach.,,"If you're consistently missing these SLAs, identify when it's happening most — first thing in the morning, during handovers, at lunch — find the pattern and fix the gap.",,true
219,Front Desk,Clerical,Communication Balancing,I always respond to new Boxly enquiries with a personal phone call within 10 minutes.,Enquiry leads go cold fast — a personal call within 10 minutes is one of the highest-converting actions available to a receptionist.,,"Every Boxly enquiry that waits longer than 10 minutes is a patient who has likely moved on. If the timing is genuinely difficult, flag it — this SLA may need a process change to protect.",,true
220,Front Desk,Clerical,Communication Balancing,"I always place a caller on brief hold at the first natural break when a patient walks in, so I can serve the person in front of me.","The patient in front of you deserves undivided attention — managing this gracefully also signals to callers that we're thorough, not dismissive.",,"Trying to handle both at once usually means doing neither well. If this feels awkward, practise the hold script until it comes naturally before the next time it's needed.",,true
221,Front Desk,Clerical,Communication Balancing,"I always check answering machine messages and missed calls in the morning, at lunch, and in the afternoon and take action as necessary.",Missed calls that don't get returned promptly are a direct source of lost new patients and frustrated existing ones.,,"If message checks have been slipping, set a phone or calendar reminder for each of the three check times until the habit is locked in.",,true
222,Front Desk,Clerical,Communication Balancing,I always fully complete the check-in process with an offer of hospitality before returning to other tasks.,A rushed check-in where the patient is directed to sit down without a warm close leaves them feeling processed rather than welcomed.,,"Think about what a complete check-in actually looks like — does the patient know what to expect next? Have they been offered a drink? If either is missing, the check-in isn't finished.",,true
223,Front Desk,Clerical,Patient Record Maintenance,I always begin check-in by confirming the patient's preferred name and the identity of any accompanying person.,Getting a patient's name right from the first moment is a powerful signal of respect — and confirming accompanying persons is an important safeguarding habit.,,"This is one of those moves that can feel unnecessary until it matters — and when it matters, it really matters. Make it the first thing you do, every time.",,true
224,Front Desk,Clerical,Patient Record Maintenance,I always confirm the patient's registration and medical history status prior to completing check-in.,Incomplete records are a compliance risk and slow down the clinical team — catching them at the front desk prevents delays that ripple through the entire appointment.,,"If records are frequently incomplete at check-in, the earlier touchpoints — booking and reminder communications — may need strengthening. Flag this to your manager.",,true
225,Front Desk,Clerical,Patient Record Maintenance,I always set aside time each day to contact patients on the incomplete paperwork list.,Proactively chasing incomplete paperwork prevents check-in delays and keeps the clinical team's day running smoothly.,,"This is easy to defer when the day is busy, but it compounds quickly. Even 15 minutes a day, consistently applied, makes a significant difference to same-day stress. When can you protect this time?",,true
226,Front Desk,Clerical,Strategic Scheduling,I always personally contact any patient whose appointment remains unconfirmed 48 hours out.,Unconfirmed appointments are a leading predictor of no-shows — a personal contact at 48 hours gives enough time to fill the slot if the patient cancels.,,"If appointments are going unconfirmed past the 48-hour mark, check whether your end-of-day diary review is reliably catching these. Is there a process gap, or has the habit slipped?",,true
227,Front Desk,Clerical,Strategic Scheduling,I always use CareStack's list function to identify and contact patients for every empty surgery slot.,An empty surgery slot is lost revenue — the CareStack list function is the fastest tool available to fill it before it's gone.,,"If empty slots are going unfilled, review how regularly you're working the CareStack list. The contact list is only useful if it's being actioned every day.",,true
228,Front Desk,Clerical,Strategic Scheduling,I always ensure there are zero pending follow-up items in the VoiceStack Opportunities tab by the end of each day.,Every item left in Opportunities overnight is a potential patient who wasn't followed up — clearing the tab daily ensures nothing is missed.,,Items in Opportunities tend to stack up quickly if they carry over. Make clearing the tab the last thing you do before signing off each day.,,true
229,Front Desk,Clerical,Welcoming Environment,I always tidy the reception area and check the patient toilet and amenities at least once per hour.,"The reception area is the physical expression of the practice's standards — a clean, stocked environment tells patients they're in a place that pays attention to detail.",,"If the hourly check has been slipping, set a recurring reminder or build it into natural breaks in the diary. Patients notice more than we tend to assume.",,true
230,Front Desk,Clerical,Welcoming Environment,I always check throughout the day that the correct music is playing at an appropriate volume.,"The practice's ambient environment is a subtle but real part of the patient experience, and it's entirely within reception's control.",,This is a small thing that's easy to overlook when the day is busy — but it's part of owning the waiting area. A quick check takes seconds.,,true
231,Front Desk,Cultural,Empathetic Practice Policy Education,I always inform patients who cancel with less than 48 hours' notice of the consequence and offer one last opportunity to keep the appointment.,Enforcing the cancellation policy consistently — and with empathy — protects the diary and sends a clear message that appointments have real value.,,"If this conversation feels uncomfortable, remember the policy protects the patient's access to care as much as anything else. Scripting is available in your learning resources.",,true
232,Front Desk,Cultural,Empathetic Practice Policy Education,I always communicate the importance of attendance and ask the patient if we can count on them when booking.,"A simple, direct question about commitment at the point of booking dramatically increases the psychological weight a patient places on their appointment.",,"This is easy to skip in the flow of a booking call, but it's one of the most effective no-show prevention tools available. Try adding it to your standard booking close.",,true
233,Front Desk,Cultural,Empathetic Practice Policy Education,I always inform patients of outstanding balances during appointment confirmation so they are prepared at check-in.,Patients who are surprised by a balance at check-in are more likely to dispute or delay payment — a heads-up during confirmation removes the surprise entirely.,,"If you're skipping this step during confirmation calls, the check-in experience is likely to be more awkward as a result. Make it a standard part of the confirmation script.",,true
234,Front Desk,Cultural,Empathetic Practice Policy Education,"I always acknowledge patients who arrive late, express understanding, and advise that their wait may be longer than usual.","A late patient who receives a calm, empathetic response is far less likely to become a difficult one — and honest expectations prevent escalation.",,"The temptation when a late patient arrives is to say as little as possible. A brief, warm acknowledgement and an honest heads-up about wait time almost always defuses the tension.",,true
235,Front Desk,Cultural,Handling Critical Feedback,I always remain calm and restate the patient's feedback when presented with a complaint or concern.,Restating the feedback signals to the patient that they've been genuinely heard — and it creates a moment to regulate your own response before reacting.,,"If a complaint caught you off guard and this didn't happen, think about what you'd say next time. Restating doesn't require agreeing — it just means reflecting back what you heard.",,true
236,Front Desk,Cultural,Handling Critical Feedback,I always acknowledge my personal or our collective role in the situation when handling critical feedback.,"Patients in complaint mode are not looking for excuses — they're looking to feel understood, and a genuine acknowledgement almost always de-escalates the conversation.",,This isn't about blame — it's about signalling maturity and care. Even 'I can see why that was frustrating' is enough to shift the dynamic significantly.,,true
237,Front Desk,Cultural,Handling Critical Feedback,I always ensure a clear next step or resolution is agreed before ending any interaction involving a complaint.,Complaints that end without a clear next step leave the patient dissatisfied and the team exposed — a named resolution closes the loop for everyone.,,"If the conversation ended without a clear next step, the patient is likely still frustrated. It's not too late to follow up with a call to offer one.",,true
238,Front Desk,Cultural,Trust Building Interactions,I always ask patients what their goals are for the visit and note the answer when booking.,Knowing why a patient has booked — beyond the appointment type — allows the whole team to personalise the experience and spot case acceptance opportunities.,,"This question feels unusual at first, but patients respond well to it — it signals that the practice is genuinely interested in them as a person. Try it on your next new patient booking call.",,true
239,Front Desk,Cultural,Trust Building Interactions,I always address the patient by their preferred name throughout every interaction.,"Using a patient's preferred name — not just the name in the system — is one of the simplest ways to signal that they're a person, not an appointment slot.",,"If you're defaulting to whatever name is in CareStack without checking, make preferred name your first confirmation at every check-in.",,true
240,Front Desk,Cultural,Trust Building Interactions,"I always ask at least one curious, open-ended question during check-in.",A single genuine question during check-in transforms a transactional interaction into a human one — and patients who feel noticed are more loyal and more likely to refer.,,It doesn't have to be profound — 'How's your day going?' asked with real interest is enough. The goal is one moment of genuine connection per check-in. What stopped that from happening?,,true
241,Front Desk,Cultural,Trust Building Interactions,I always write a personalised response to every positive Google review within 24 hours.,"A timely, personal response to a positive review reinforces the patient's good experience and signals to prospective patients that the practice is attentive and grateful.",,"If reviews are going without a response, it sends the signal that the practice doesn't really care — the opposite of the impression the review was building. Block 10 minutes a day to check.",,true
242,Front Desk,Cultural,Trust Building Interactions,I always call patients the day after their treatment to check in on their recovery and answer any questions.,"A post-treatment call is a rare but high-impact gesture — most practices don't do it, and patients genuinely remember it.",,"If yesterday's treatment patients haven't been called, add them to your action list for first thing this morning. A 2-minute check-in can prevent a negative review and build real loyalty.",,true
243,Front Desk,Cultural,Welcoming Presence,I always stand up and greet every patient with a smile.,Standing to greet a patient is an immediately disarming gesture — it signals that their arrival matters and sets the tone for everything that follows.,,"This is one of the simplest moves on the list and one of the most impactful. If it's not happening consistently, identify what's getting in the way — a call, a screen — and clear the space.",,true
244,Front Desk,Cultural,Welcoming Presence,I always offer patients a hot or cold drink after check-in is complete.,"An offer of hospitality communicates that the practice values the patient's time and comfort, not just their appointment slot.",,"If the offer is being skipped because check-in feels rushed, that's a signal to slow down — a complete check-in always includes the hospitality close.",,true
245,Front Desk,Cultural,Welcoming Presence,"I always dress in business casual attire at the practice, even on non-clinical days.","Consistent professional presentation maintains the practice's image and reinforces that reception is part of the clinical team, not separate from it.",,"Presentation is the first thing a patient registers — even before you speak. If this slipped, it's an easy reset for tomorrow.",,true
246,Front Desk,Cultural,Welcoming Presence,I always centre myself and smile before answering the phone to ensure a warm tone of voice.,A patient calling the practice has no other signal of its quality except the voice they hear — the energy you bring to the phone is the practice's first impression.,,"If calls have been feeling rushed or flat lately, try physically pausing before picking up. One breath and a smile sounds small, but it genuinely changes the quality of what follows.",,true
247,Front Desk,Case Acceptance,Effective Objection Handling,"I always respond to cost concerns by presenting all available payment, financing, and membership plan options.",A patient who raises a cost concern hasn't said no — they've opened a door. Having all the options ready and presenting them confidently converts hesitation into treatment.,,"If cost conversations feel awkward, the options probably aren't fully internalised yet. Make sure you know the membership plan pricing, any payment schedule options, and the treatment discount by heart.",,true
248,Front Desk,Case Acceptance,Establishing Credibility,I always preview the dentist by name and reference a specific detail about their expertise when booking a new patient appointment.,"A patient who knows something specific about their dentist before they arrive is already more trusting — credibility building starts on the booking call, not in the surgery.",,"If you're not sure what to say about a particular dentist, ask them directly: 'What should I tell patients about you?' Make a note — you only need to do this once per dentist.",,true
249,Front Desk,Case Acceptance,Establishing Credibility,"I always describe the modern technologies, materials, and clinical processes used at our practice when booking a new patient appointment.","Proactively mentioning the practice's technology during a new patient call signals quality, justifies premium fees, and starts differentiating from NHS alternatives before the patient even arrives.",,"If the tech conversation feels forced, it's usually because it's being treated as an add-on rather than part of the natural new patient script. Work it in at a consistent point in the call.",,true
250,Front Desk,Case Acceptance,Facilitating Smooth Processes,I always guide new patients through completing their patient portal registration during the booking call.,"Patients who complete their portal registration before they arrive experience a smoother, faster check-in — and it prevents the frustration of delays on the day.",,"If patients are frequently arriving with incomplete registration, the booking call is where to fix it. Stay on the line with them — even if it takes a few extra minutes, it saves more time than it costs.",,true
251,Front Desk,Case Acceptance,Facilitating Smooth Processes,I always verbally preview all aspects of a visit when booking a new patient appointment.,"A patient who knows exactly what to expect — scan, nurse introduction, consultation structure — arrives calmer and requires less reassurance at the chair.",,"If patients frequently arrive with questions about what's going to happen, the preview on the booking call probably isn't complete. Walk through every stage of the visit and make sure each one gets a sentence.",,true
252,Front Desk,Case Acceptance,Facilitating Smooth Processes,I always follow our clinical question triage process when a patient raises a query outside my knowledge.,Clinical questions that reach the wrong person — or no person — erode patient trust and create risk. The triage process exists to make sure every question gets the right answer quickly.,,"If this process felt unclear or inconsistent, the triage guide is in your learning resources. Knowing exactly who to contact and in what order removes the hesitation that causes delays.",,true
253,Front Desk,Case Acceptance,Facilitating Smooth Processes,I always confirm that all required consent forms have been completed via the patient portal at least one week before any treatment appointment.,"Consent forms completed in advance give patients time to read and raise questions, reduce chair-side admin, and protect the practice from compliance risk.",,"If consent forms are regularly incomplete at the time of treatment, the one-week follow-up step is likely being missed. Set a calendar trigger for each upcoming treatment appointment to check and chase.",,true
254,Front Desk,Case Acceptance,Treatment Communication,I always introduce our membership plan during every new patient enquiry call.,"The first enquiry call is the highest-leverage moment to introduce the plan — the patient is engaged, forming their first impression, and most open to understanding the practice's full offer.",,"If the plan isn't coming up on enquiry calls, it's probably because it feels like a sales pitch at the wrong moment. It isn't — it's information that makes the practice more attractive. Work it into your enquiry script.",,true
255,Front Desk,Case Acceptance,Treatment Communication,I always present our membership plan to non-members at the end of every new patient appointment.,A patient who has just experienced the practice for the first time is at peak willingness to commit — this is the moment to present the plan and convert.,,"If the plan presentation is being skipped at the end of new patient appointments, it's a direct loss to practice revenue. Check CareStack to confirm membership status before the patient arrives at check-out.",,true
256,Front Desk,Case Acceptance,Treatment Communication,I always check a patient's membership plan status in CareStack before every appointment and reference the plan with non-members at check-out.,Consistently surfacing the plan at every appointment — not just new patient ones — is what prevents long-term patients from remaining non-members indefinitely.,,"If membership status isn't part of your pre-appointment preparation, it's easy to miss. Add it to your check-in checklist so it becomes automatic.",,true
257,Dental Assistant,Clinical,Accurate Charting,I always ask the dentist to review my clinical notes for accuracy before they leave the chair.,A quick confirmation from the dentist before they move on is the simplest quality control step in the room — it catches errors when they're easiest to fix.,,"If the dentist left without reviewing the notes, any errors in the record now require a separate correction. Make the review request a standard close to every charting session — it takes seconds.",,true
258,Dental Assistant,Clinical,Accurate Charting,I always accurately record the correct conditions for the correct teeth in both the clinical notes and on the dental chart as the dentist calls out findings.,"Charting errors are among the most consequential mistakes in clinical dentistry — an accurate, real-time record depends entirely on focused, precise notation as findings are called out.",,"If errors were made during charting, identify where the breakdown happened — was it the speed, the terminology, or a distraction? Accuracy in the moment is always easier than correcting the record after the fact.",,true
259,Dental Assistant,Clinical,Accurate Charting,I always accurately record all mutually agreed treatment as the dentist presents options to the patient.,"Treatment that is agreed in the chair but not captured accurately in the record creates confusion at every subsequent appointment — precise real-time recording is part of the clinical standard, not an admin task.",,"If the agreed treatment wasn't fully recorded, the next clinical encounter is starting with an incomplete picture. Review what was agreed and update the notes before the patient's next appointment.",,true
260,Dental Assistant,Clinical,Mastery of Dental Procedures,"I always collect new patients from reception, conduct their intraoral scan, and prepare the scan report before introducing them to their dentist.","The new patient intake sequence — scan first, then introduction to the dentist — means the dentist walks in with a complete diagnostic picture, and the patient has already experienced the practice's technology before treatment is discussed.",,"If the scan wasn't completed before the dentist arrived, the appointment lost one of its key quality signals. Protect the sequence: reception handoff → scan → report → dentist introduction, every time.",,true
261,Dental Assistant,Clinical,Mastery of Dental Procedures,I always anticipate the next instrument the dentist will need and have it ready before they ask for it.,A nurse who anticipates rather than reacts keeps the surgeon in flow and reduces the cognitive load in the room — this is one of the most visible markers of clinical competence.,,"If you were caught without the right instrument and the dentist had to ask, think about where the procedure was heading at that moment. Anticipation improves with procedure familiarity — identify which procedures still feel unpredictable and focus there.",,true
262,Dental Assistant,Clinical,Patient Comfort and Communication During Procedures,"I always tell, show, and do before performing any action on a patient.",Tell-show-do is one of the most effective anxiety management tools in clinical dentistry — patients who know what's coming are measurably calmer and more cooperative than those who don't.,,"If a patient flinched, tensed, or asked what you were doing mid-procedure, the tell-show-do step was likely missed. Build it in as a non-negotiable before every clinical action, even routine ones.",,true
263,Dental Assistant,Clinical,Patient Comfort and Communication During Procedures,I always notice and verbally affirm specific positive behaviours from the patient during clinical activities.,"Specific, genuine reinforcement — 'you're doing brilliantly at staying still' — is far more effective than generic praise and meaningfully reduces patient anxiety across the appointment.",,"Generic reassurance like 'you're doing great' lands less than specific feedback. Think about what the patient actually did well and name it — the more specific it is, the more it lands.",,true
264,Dental Assistant,Clinical,Patient Comfort and Communication During Procedures,I always monitor the patient for signs of anxiety or discomfort during procedures and actively manage their comfort unless the dentist is already doing so.,"An unmanaged anxious patient affects the quality of the procedure and their likelihood of returning — proactive comfort monitoring is part of the clinical role, not a nice-to-have.",,"If a patient was visibly tense and it wasn't addressed, think about what you were focused on instead. Comfort monitoring is a parallel task, not a separate one — it happens at the same time as everything else.",,true
265,Dental Assistant,Clinical,Patient Comfort and Communication During Procedures,"When the dentist enters, I always present the patient by name, state the planned procedure, share any relevant medical history, and relay any patient questions or concerns.",A thorough patient presentation means the dentist walks in fully informed and the patient feels seen — it sets the clinical standard for the appointment from the first moment.,,"If the dentist had to ask for information during the appointment that should have been in the presentation, the handoff was incomplete. Standardise what you include every time: name, procedure, medical history, patient concerns.",,true
266,Dental Assistant,Clinical,Patient Comfort and Communication During Procedures,I always ask patients what they'd like to watch or listen to during their appointment and make sure they can see and hear it clearly before treatment begins.,A patient who is comfortably settled with their chosen entertainment is measurably more relaxed and easier to treat — getting this right before treatment starts prevents interruptions mid-procedure.,,"If this was skipped or the setup wasn't quite right, the patient may have been uncomfortable in ways that were avoidable. Make the entertainment setup part of your patient-seating routine — it takes less than a minute.",,true
267,Dental Assistant,Clinical,Patient Comfort and Communication During Procedures,I always preview the dentist and the procedure before treatment begins and invite any questions or concerns from the patient.,A brief preview before treatment starts gives the patient a final moment to ask questions and mentally prepare — it reduces mid-procedure interruptions and builds trust in the care they're about to receive.,,"If the procedure started without a preview, the patient may have felt rushed or uncertain. Build the preview into your patient setup close — after the entertainment is sorted and before you call the dentist in.",,true
268,Dental Assistant,Clinical,Sterilisation and Procedure Preparation,I always use gloves only when handling contaminated instruments or chemicals and remove them before touching anything clean or sterile.,Glove discipline is one of the foundational infection control behaviours — incorrect use is a direct cross-contamination risk and a compliance issue that inspectors look for specifically.,,"If glove use was inconsistent during this session, identify the moment it slipped and why. This is a non-negotiable standard — the consequence of getting it wrong is clinical, not just procedural.",,true
269,Dental Assistant,Clinical,Sterilisation and Procedure Preparation,I always set up the tray for the scheduled procedure and any likely alternatives before bringing the patient into the surgery.,A fully prepared tray before the patient enters removes the need to leave the room mid-procedure and signals a level of preparation that patients notice and trust.,,"If the tray wasn't ready when the patient arrived, it created a delay and a gap in the professional impression. Review the appointment list at the start of each session so setups are never reactive.",,true
270,Dental Assistant,Clinical,Sterilisation and Procedure Preparation,I always review the surgery reset checklist and confirm every item is complete before considering the surgery ready for the next patient.,"A missed reset item — contaminated surface, incorrectly stored instrument, incomplete stock — is an infection control risk that compounds across every appointment that follows.",,"If the reset was rushed or the checklist wasn't completed in full, the surgery may not have been truly ready. The checklist exists because memory alone isn't reliable at the end of a busy session.",,true
271,Dental Assistant,Clinical,Sterilisation and Procedure Preparation,I always use fresh cleaning cloths for each individual patient appointment.,"Reusing cleaning cloths between patients is a cross-contamination risk — even if surfaces appear clean, the clinical standard requires a fresh cloth for every appointment without exception.",,"This is a non-negotiable infection control standard. If it slipped, identify what pressured the shortcut — time, supply, habit — and address it before the next session.",,true
272,Dental Assistant,Clerical,Clerical Procedure Requirements,I always verify that valid consent has been obtained before starting the appointment.,"Consent is a non-negotiable legal and ethical requirement — checking it before every appointment, not just assuming it's been done, protects both the patient and the practice.",,"If an appointment started without confirmed consent, that's a compliance risk regardless of outcome. Make the consent check the first thing you do when reviewing the patient record, every time.",,true
273,Dental Assistant,Clerical,Clerical Procedure Requirements,I always label the teeth on the images after taking a radiograph before leaving the workstation.,Unlabelled radiographs create ambiguity in clinical records and slow down the dentist's review — correct labelling at the workstation before you move prevents errors that are difficult to fix retrospectively.,,"If images left the workstation unlabelled, the clinical record is incomplete. Build the labelling step into your radiograph routine before you do anything else after the exposure.",,true
274,Dental Assistant,Clerical,Coordinating Patient Flow,"I always update the patient status to ""In Chair"" when they are seated and ""Treatment Complete"" when they are ready for reception.","Accurate, real-time status updates are what allow reception and the wider team to manage the diary without constantly checking in — a delayed update creates a ripple that affects everyone.",,"If status updates are being delayed or forgotten, reception is flying blind. Make the update the first thing you do when a patient sits down and the last thing before you walk them to the lounge.",,true
275,Dental Assistant,Clerical,Coordinating Patient Flow,I always consult the lead dental nurse and create a plan to get back on time when the patient time tracker shows a warning.,Running late in one surgery affects the whole day's flow — catching a warning early and acting on it is far less disruptive than letting a delay compound across every appointment that follows.,,"If the warning was noticed but nothing was done, the delay was avoidable. The point of the tracker is to prompt action, not just awareness — what would getting back on time have required?",,true
276,Dental Assistant,Clerical,Coordinating Patient Flow,"I always communicate patient readiness to the dentist clearly, including the patient's location, procedure, and type, so the surgery keeps moving.",The dentist can only flow efficiently between patients if the information they receive is complete and consistent — vague or incomplete handovers create hesitation and lost time.,,"If the dentist had to ask for information that should have been communicated, that's a flow breakdown. Standardise what you say when a patient is ready and make it a reflex.",,true
277,Dental Assistant,Clerical,Coordinating Patient Flow,I always maintain the same professional pace and focus whether the surgery is calm or hectic.,"Patients and dentists both read the nurse's energy — a nurse who appears rushed or flustered in a busy session raises anxiety in the room. Consistency under pressure is a skill, not just an attitude.",,"If your pace or manner shifted noticeably under pressure, think about what triggered it. Identifying the pattern is the first step to managing it before it affects the patient or the session.",,true
278,Dental Assistant,Clerical,Office Task Management,I always check Dentistry Compliance and complete all outstanding tasks before leaving the practice each day.,"End-of-day compliance tasks exist to keep the practice safe, legal, and operationally sound — tasks that carry over accumulate risk and create extra work for the following day.",,"If tasks were left incomplete, the practice started the next day with a backlog and a compliance gap. Build a Dentistry Compliance check into your end-of-day routine before you start tidying up.",,true
279,Dental Assistant,Clerical,Office Task Management,"I always check in with reception during any gap of 45 minutes or more, once my nursing duties are complete, to offer help contacting patients on the short-notice list.","A nurse who can use downtime productively is a genuine asset to the whole practice — filling a gap in the diary benefits everyone, and the offer costs nothing if reception already has it covered.",,"If downtime passed without a check-in with reception, a slot may have gone unfilled that didn't have to. The habit is simple: nursing duties first, then check in — it only takes a moment.",,true
280,Dental Assistant,Clerical,Office Task Management,I always check high-turnover disposables before lunch and at the end of the day and flag anything running low.,Running short on disposables mid-session creates unnecessary stress and can disrupt patient care — two checks a day is all it takes to make sure it never happens.,,"If a session started short on supplies, the pre-session check was missed. It takes less than two minutes and prevents a problem that's much harder to fix once a patient is in the chair.",,true
281,Dental Assistant,Clerical,Office Task Management,I always book the patient's 6-month recall appointment before they leave the surgery.,"Booking recalls in the chair — before the patient reaches reception — removes a point of friction, captures the appointment while the patient is engaged, and takes one task off reception's plate.",,"If the patient left without a recall booked, there's now a gap in the diary that requires a follow-up call to fill. Build the recall booking into your end-of-appointment routine before you walk the patient to the lounge.",,true
282,Dental Assistant,Clerical,Office Task Management,I always mention our membership plan to new patients at the end of their appointment and let them know a receptionist will tell them more on their way out.,"A warm introduction to the plan from the nurse — before the patient reaches reception — means reception is inheriting a patient who's already curious, not hearing about it for the first time.",,"If the plan wasn't mentioned, reception is starting the conversation cold. A single sentence at the end of the appointment is all it takes to set the handoff up well.",,true
283,Dental Assistant,Clerical,Patient Record Management,I always check the patient's clinical notes and confirm a complete medical history before beginning the appointment.,"Starting an appointment without reviewing the notes is a clinical risk — allergies, contraindications, and relevant history need to be confirmed before any treatment begins, not discovered mid-procedure.",,"If this check was skipped, the appointment began with incomplete information. Make the notes review non-negotiable, even for regular patients — medical histories change.",,true
284,Dental Assistant,Clerical,Patient Record Management,I always take at least one intraoral photograph after each applicable procedure to support patient understanding and clinical records.,"Intraoral photos serve a dual purpose — they strengthen the clinical record and give patients a visual anchor when discussing their treatment, which directly supports case acceptance.",,"If photos weren't taken, both the record and the case acceptance opportunity are weaker than they should be. Build the photo step into your post-procedure routine before you update the notes.",,true
285,Dental Assistant,Clerical,Patient Record Management,I always complete and save clinical notes as a draft before the end of each appointment.,Notes that aren't saved before the patient leaves rely on memory — the accuracy of clinical records degrades quickly once the next patient is in the chair.,,"If notes were left incomplete or unsaved, the clinical record is at risk. Draft notes before the patient is walked to the lounge — it doesn't need to be final, but it needs to be saved.",,true
286,Dental Assistant,Cultural,Demonstrating Emotional Intelligence,I always take a moment to assess the patient's mood once they are in the chair and quietly flag any concerns to the dentist.,Mood assessment before treatment begins allows the clinical team to adapt their approach — a dentist who knows a patient is anxious or distressed can adjust before the appointment becomes difficult.,,"If a patient's emotional state went unread and it affected the appointment, think about what signals were there. Building a brief, deliberate moment of assessment into your chair routine makes this a habit rather than a reaction.",,true
287,Dental Assistant,Cultural,Demonstrating Emotional Intelligence,I always tell the patient before beginning any clinical activity that they can raise their hand at any time to ask me to pause.,Giving the patient an explicit signal of control is one of the most effective anxiety reduction tools in the surgery — it costs nothing and meaningfully changes how safe a patient feels.,,"If this wasn't said before treatment began, the patient had no clear way to ask for a pause without feeling disruptive. Make it the first thing you say before you pick anything up.",,true
288,Dental Assistant,Cultural,Demonstrating Emotional Intelligence,I always pause for one deep breath to centre myself before speaking or acting when I notice my own stress rising.,"A nurse who manages their own stress visibly in the room keeps the energy calm — patients are highly attuned to clinical staff anxiety, and it transfers directly to them.",,"If you noticed your own stress affecting your manner or pace, that's the signal this move is for. One breath is not a delay — it's a reset that costs nothing and changes everything that follows.",,true
289,Dental Assistant,Cultural,Empathetic Practice Policy Education,I always emphasise the importance of the next appointment and explain the consequences of missing it once it is booked.,A patient who understands why the next appointment matters is significantly more likely to keep it — this conversation takes 20 seconds and meaningfully reduces no-shows.,,"If the next appointment was booked without this conversation, the patient may not place the right weight on it. Add it to your recall booking close — it works best as a direct, caring statement, not a warning.",,true
290,Dental Assistant,Cultural,Empathetic Practice Policy Education,I always invite patients to leave a Google review or record a short video testimonial during their lounge wait.,"The lounge wait is the highest-value moment to ask for a review — the patient's experience is fresh, they're settled, and they have time. A direct, warm invitation converts far more often than a passive QR code.",,"If the invitation wasn't made, a review opportunity was missed. The ask doesn't need to be long — 'While you wait, would you mind leaving us a quick Google review? It really helps the practice.' is enough.",,true
291,Dental Assistant,Cultural,Handling Constructive Feedback,I always remain calm and restate the patient's feedback as my first response to any complaint or concern.,"Restating what a patient said signals that they've been genuinely heard — and it gives you a moment to regulate before reacting, which almost always improves what happens next.",,"If you responded before restating, the patient may have felt cut off or defensive. The restate is a one-sentence pause — it doesn't require agreement, just reflection of what you heard.",,true
292,Dental Assistant,Cultural,Handling Constructive Feedback,"I always follow a restatement with ""tell me more"" and actively listen to the response.","""Tell me more"" is one of the most disarming phrases in a feedback conversation — it signals genuine curiosity, slows the interaction down, and almost always reveals the real issue beneath the surface complaint.",,"If the conversation escalated after the restate, the 'tell me more' step was likely missed. It's a small pivot that shifts the dynamic from defensive to collaborative — practise making it automatic.",,true
293,Dental Assistant,Cultural,Handling Constructive Feedback,I always ensure a clear next step or resolution is agreed before ending any interaction involving a complaint or conflict.,A complaint that ends without a named resolution leaves the patient dissatisfied and the team exposed — closing with a clear next step signals professionalism and prevents the issue from resurfacing.,,"If the interaction ended without a clear resolution, the patient is probably still frustrated. It's not too late to follow up — a brief check-in after the appointment can close the loop effectively.",,true
294,Dental Assistant,Cultural,Trust Building Interactions,"I always greet the patient by name, make eye contact, and introduce myself by name.","A personal, direct greeting from the first team member the patient encounters in the clinical area sets the tone for everything that follows — it signals that they're a person, not a procedure.",,"If the greeting was rushed or generic, the patient's first clinical impression was a missed opportunity. Practise making name, eye contact, and self-introduction simultaneous and natural.",,true
295,Dental Assistant,Cultural,Trust Building Interactions,"I always ask the patient a curious, open-ended question as I am seating them in the chair.","A single genuine question while seating the patient transforms the start of an appointment from transactional to human — patients who feel noticed are calmer, more engaged, and more loyal.",,This is easy to skip when you're focused on setup. The question doesn't have to be profound — 'How's your day been?' with genuine interest is enough. What stopped it from happening?,,true
296,Dental Assistant,Cultural,Trust Building Interactions,I always offer patients a blanket or a drink before any procedure.,A genuine offer of comfort before treatment begins communicates that the patient's experience matters as much as the clinical outcome — it's a small gesture with a disproportionate impact on how safe patients feel.,,"If the offer was skipped because things felt rushed, that's the signal to slow down for 30 seconds. The offer is part of the patient setup, not an optional extra.",,true
297,Dental Assistant,Case Acceptance,Clear Treatment Communication,"I always ask the patient ""How does that sound to you?"" or ""How are you feeling about this plan?"" after reiterating a treatment plan.",An open question after the plan recap gives the patient permission to voice any doubt before they leave the chair — catching hesitation here is far easier than recovering it at the front desk.,,"If this didn't happen, the patient may have walked out unclear or uncertain about their treatment. Practise making this question automatic — it takes three seconds and changes the outcome of the whole appointment.",,true
298,Dental Assistant,Case Acceptance,Clear Treatment Communication,I always check for the patient's comprehension and clearly narrate the next steps once the dentist has explained the treatment and left the chair.,"The moment the dentist leaves is when confusion sets in for most patients — a clear, calm narration of what happens next gives them something concrete to hold onto.",,"Patients who leave without a clear picture of next steps are more likely to disengage or not follow through. Think about whether you gave a full narration, or just assumed the dentist's explanation was enough.",,true
299,Dental Assistant,Case Acceptance,Clear Treatment Communication,I always invite the patient to share back the key parts of the post-operative plan to confirm their understanding and comfort with next steps.,Asking a patient to summarise what they've heard is the most reliable way to catch a misunderstanding before it becomes a problem — it also signals that you genuinely care about their experience after they leave.,,"If you skipped this, there's a real chance the patient is going home with incomplete or incorrect information. Make the teach-back a non-negotiable close to every post-treatment conversation.",,true
300,Dental Assistant,Case Acceptance,Effective Objection Handling,"I always reassure a patient who is uncertain about a procedure, acknowledge its importance, and let the dentist know about the conversation.","A patient who expresses uncertainty is giving you an opportunity — addressed calmly and honestly in the chair, it's far more likely to convert than if it surfaces later at the front desk.",,"If a patient's uncertainty wasn't addressed, it's likely they'll either cancel or decline treatment down the line. Even a brief reassurance and a note to the dentist can shift that outcome.",,true
301,Dental Assistant,Case Acceptance,Effective Objection Handling,I always verbally link the dentist's recommended treatment to the patient's desired outcome.,Patients accept treatment when they understand what it does for them specifically — connecting the recommendation to their own goals makes the value personal and concrete.,,"Generic explanations of treatment tend not to land. Think about whether you connected the recommendation to something the patient actually said they wanted — if not, try it next time.",,true
302,Dental Assistant,Case Acceptance,Effective Objection Handling,"I always identify whether a patient's hesitation is about comfort, time, or cost before responding to it.",Responding to the wrong concern wastes time and can make a patient feel unheard — pinpointing the real issue first means your response actually addresses what's holding them back.,,"If the hesitation wasn't resolved, it may be because the response didn't match the actual concern. Ask one clarifying question before jumping to reassurance.",,true
303,Dental Assistant,Case Acceptance,Effective Objection Handling,"I always reassure patients with cost concerns that treatment can be staged safely, and I pass their concerns to reception.",Staging reassurance keeps patients in the treatment journey rather than walking away — and handing the cost conversation to reception ensures it's handled in the right environment with the right options.,,"If a patient left with unresolved cost concerns and reception wasn't informed, there's a high chance that treatment won't proceed. Build the handoff to reception into how you close cost conversations in the chair.",,true
304,Dental Assistant,Case Acceptance,Empowering Informed Decisions,I always highlight the health risks of delaying treatment or dental check-ups when confirming next steps with the patient.,"Patients who understand the consequence of waiting are more motivated to follow through — this isn't fear-mongering, it's giving them the information they need to make a genuinely informed choice.",,"If next steps were confirmed without mentioning the risk of delay, the patient may not place enough urgency on following through. A single sentence about what changes if they wait can make a real difference.",,true
305,Dental Assistant,Case Acceptance,Empowering Informed Decisions,"After the appointment, I always walk the patient to the lounge, offer hospitality, and let them know a receptionist will be with them shortly to go through their next steps.","The post-appointment transition is a key moment in the patient experience — a warm, unhurried handoff from nurse to lounge sets the patient up for a positive financial conversation and reinforces that the practice values their time.",,"If the patient was directed to reception without a warm handoff, the financial conversation may have started on the back foot. The lounge transition is part of your role — it's not complete until the patient is settled and knows what to expect next.",,true
306,Dental Assistant,Case Acceptance,Establishing Credibility,I always introduce the patient to their dentist by name and comment specifically on their expertise or experience.,"A personal, specific introduction to the dentist builds instant credibility and trust — it signals that this is a team that knows each other well, not a conveyor belt of strangers.",,A generic or skipped introduction is a missed opportunity to set the patient's confidence before treatment even begins. Ask each dentist what they'd like patients to know about them so you always have something specific to say.,,true
307,Dental Assistant,Case Acceptance,Establishing Credibility,"I always highlight our advanced diagnostic technology — including 3D intraoral scanning, our on-site CBCT scanner, and AI-assisted imaging — when setting up the patient before the dentist arrives.",Patients who understand what our technology does and why it matters are more confident in their diagnosis and more receptive to recommended treatment — credibility building happens well before the dentist walks in.,,"If the tech wasn't mentioned, the patient experienced a high-quality diagnostic process without understanding its value. Build a brief tech mention into your patient setup routine so it becomes natural.",,true
308,Dental Assistant,Case Acceptance,Establishing Credibility,"I always share a brief, positive story about how a similar treatment helped a patient, without using any names or identifying details.","Social proof in the chair is powerful — a real, brief story makes the benefit of treatment tangible and personal in a way that clinical explanation alone rarely does.",,"If you're not using stories, treatments can feel abstract to patients. Keep one or two genuine examples in mind for the most common procedures — they don't need to be dramatic to be effective.",,true
309,Office Manager,Clinical,Patient Care Standards,"I always schedule time each week to observe the dental nurse to dentist hand-over, document at least one opportunity for improvement, and follow up with the appropriate team member about it.",The nurse-to-dentist hand-over is one of the highest-leverage clinical touchpoints in the practice — a manager who observes and documents it weekly creates a continuous improvement loop that no amount of training alone can replicate.,,"If this wasn't observed this week, think about what got in the way. Protecting this time in the diary rather than fitting it around everything else is the only way to make it reliable.",,true
310,Office Manager,Clinical,Compliance and Safety,I always review all equipment maintenance tasks in Dentistry Compliance with my Lead Nurse each week and ensure every item is either completed or has a clear due date before the end of that week.,Equipment maintenance tasks that carry over without a clear resolution date create compounding compliance risk — weekly review with the Lead Nurse keeps accountability joint and prevents anything from quietly slipping.,,"If items carried over without a clear due date, the compliance record has a gap. Review what's outstanding now and assign a named date and owner to every open item before the end of today.",,true
311,Office Manager,Clinical,Compliance and Safety,"I always maintain an up-to-date evidence file for each of the CQC's five key questions so the practice can demonstrate compliance at any point, not only ahead of a scheduled inspection.","The CQC can inspect unannounced and inspects against five key questions: Safe, Effective, Caring, Responsive, and Well-led. A manager who builds evidence continuously is never caught out — one who only prepares when an inspection is expected is taking a serious reputational and regulatory risk.",,"If the evidence file hasn't been updated recently, the practice is not currently inspection-ready. Block time this week to review each of the five key questions and identify where the evidence is thin or out of date.",,true
312,Office Manager,Clerical,Operational Efficiency,"I always review the previous week's key KPIs every Monday — including gross production, new patient numbers, membership growth, and Google reviews — identify any problem areas, and present a clear action plan to the practice principal.",Weekly KPI review is how a manager stays ahead of problems rather than reacting to them — and presenting a named action plan to the principal signals ownership rather than just reporting.,,"If Monday's review didn't happen or produced no action plan, the week is already starting without a clear direction. Even a 20-minute review with one or two named actions is significantly better than none.",,true
313,Office Manager,Clerical,Schedule and Flow,"I always verify that the team is meeting our patient communication standards — response times, message handling, and enquiry follow-up — and address any consistent gaps directly with the relevant team member.","The manager's job is to hold the standard, not execute the tasks. A receptionist who knows their manager is actively monitoring response times and message handling performs to a higher standard than one who doesn't.",,"If communication standards slipped this week and it wasn't addressed, the team has received an implicit signal that the standard is flexible. Identify the specific gap, name it directly with the team member, and confirm it's been resolved.",,true
314,Office Manager,Clerical,Schedule and Flow,I always verify that appointment confirmations and outstanding patient paperwork are being actioned to the required standard and give clear direction to the team when they are not.,Confirmation and paperwork gaps are two of the most predictable sources of no-shows and check-in delays — a manager who monitors these proactively protects the diary and the clinical team's day.,,"If confirmations or paperwork tasks were missed this week without being addressed, review what the current gap looks like in CareStack and agree a clear catch-up plan with the reception team today.",,true
315,Office Manager,Clerical,Root Cause Analysis,"I always review NPS scores at the end of each week, note any outliers, and plan a specific response — either a celebration or an investigation — for the following week.",NPS outliers — positive or negative — always contain signal. A manager who reads them weekly and acts on them consistently turns patient feedback into a genuine improvement system rather than a vanity metric.,,"If this week's NPS review didn't happen, there may be feedback sitting unread that warrants a response. Even a quick scan for anything outside the normal range takes less than 10 minutes and keeps you ahead of patterns before they become trends.",,true
316,Office Manager,Clerical,Root Cause Analysis,"I always review case acceptance rates weekly with the TCO, identify any patterns in unconverted cases, and agree specific actions to address gaps.","Case acceptance rate is one of the clearest indicators of where the patient journey is breaking down — whether that's in the fee conversation, the plan presentation, or the follow-up process. The manager owns this review; the TCO owns the execution.",,"If this review didn't happen this week, the TCO is operating without oversight and unconverted cases may be stacking up without a clear recovery plan. Schedule the review before the end of the week and start with the oldest outstanding cases first.",,true
317,Office Manager,Clerical,Financial Performance,I always verify that patients with outstanding balances have been contacted ahead of their appointment and follow up directly with the team if this step has been missed.,"Outstanding balances that aren't flagged before an appointment create awkward, reactive conversations at check-in — a manager who monitors this proactively protects both the patient experience and the practice's cash position.",,"If patients arrived with unaddressed balances this week, trace back to where the follow-up was missed and confirm the process is clear for the team. The issue is rarely unwillingness — it's usually a lack of a clear, owned step in the workflow.",,true
318,Office Manager,Clerical,Financial Performance,I always complete and submit the Daily Production Report and verify it matches the figures in CareStack before 10am the following day.,Daily production reporting is the financial heartbeat of the practice — a report that's late or unreconciled means decisions are being made on incomplete or inaccurate information.,,"If the report was late or unreconciled, identify what caused the delay and whether it's a recurring pattern. A one-off is manageable; a pattern signals that the process needs protecting in the day's structure.",,true
319,Office Manager,Clerical,Financial Performance,I always review membership plan direct debits once a month and personally follow up on any failed debits.,"Failed direct debits are quiet revenue leaks — they rarely resolve themselves, and patients are usually more receptive to a prompt, personal follow-up than a delayed one.",,"If failed debits from last month haven't been followed up, pull the report now. Each unresolved failed debit is both a revenue gap and a patient at risk of lapsing from the plan.",,true
320,Office Manager,Cultural,Leading and Coaching,I always verify team attendance for both ProMove check-ins each week and follow up with any team member who misses one within one business day.,"Consistent check-in attendance is the foundation of the ProMoves system — a manager who monitors and follows up on absences signals that development is non-negotiable, not optional.",,"If a team member missed a check-in this week and wasn't followed up with, they've received an implicit message that it doesn't really matter. A same-day or next-day follow-up is all it takes to reset that expectation.",,true
321,Office Manager,Cultural,Leading and Coaching,"I always walk the floor twice daily to check in briefly with every team member, address any immediate barriers, and give specific encouragement when I see something done well.",A manager who is physically present and specifically encouraging creates a fundamentally different team culture from one who manages primarily from an office — twice-daily floor walks are how great managers stay connected to the real state of the practice.,,"If the floor walks haven't been happening consistently, think about what's pulling you away from them. Managing by exception — only appearing when something's wrong — erodes team confidence faster than most managers realise.",,true
322,Office Manager,Cultural,Leading and Coaching,"I always model the patient experience standard with at least one patient each day so the team has a visible, live benchmark to work to.","A manager who does the job alongside the team — not just talks about the standard — is the most powerful form of coaching available. One visible, excellent check-in per day is worth more than a dozen briefings.",,"If this hasn't been happening, the team's standard is being set by whoever is most confident on the floor, not by you. Find one moment today to do a check-in at the standard you'd want to see and make sure the team can see it.",,true
323,Office Manager,Cultural,Trust Building,"I always personally follow up with any patient concern or complaint escalated to me before the end of the following day, clearly summarising what we will do next and how they can reach me directly.",A manager who personally follows up on escalated complaints turns a negative experience into a trust-building one — the personal touch at the right moment is often the difference between a patient who leaves and one who becomes loyal.,,"If an escalated complaint wasn't followed up within 24 hours, contact the patient today. The longer the gap, the harder the recovery. A brief, direct call that names a clear next step is almost always enough to reset the relationship.",,true
324,Office Manager,Cultural,Emotional Intelligence,I always monitor the mood of the practice throughout the day and intervene as necessary — either resetting the tone with the team or addressing the source of tension directly with the individual involved.,Team energy is contagious in both directions — a manager who reads and actively manages the emotional atmosphere of the practice prevents small tensions from becoming disruptive ones and keeps the patient-facing team at their best.,,"If tension in the practice went unaddressed today, think about what you noticed and didn't act on. Even a quiet, private check-in with the relevant person is usually enough to prevent a small issue from becoming a bigger one.",,true
325,Office Manager,Cultural,People and Development,I always ensure the staff schedule is published at least two weeks in advance and that any gaps from leave or sickness are covered before they affect a clinical day.,"A schedule published with adequate notice allows the clinical team to plan and reduces last-minute coverage stress — gaps that aren't caught before the clinical day create a reactive, pressured environment that affects everyone's performance.",,"If the schedule isn't published two weeks out or has unresolved gaps, review it today. Each gap that reaches the clinical day without a resolution is a management failure that the whole team absorbs.",,true
326,Office Manager,Cultural,People and Development,"I always address performance concerns directly and promptly with the relevant team member in a private setting, and document the conversation and agreed next steps.","Performance concerns that aren't named directly tend to worsen — they also create an unfair environment for the team members who are performing well. A prompt, private conversation with a clear record is the professional standard.",,"If a performance concern is sitting unaddressed, think about what's making it difficult to raise. Delaying rarely makes the conversation easier — it usually makes it harder and the behaviour more entrenched.",,true
327,Office Manager,Cultural,People and Development,"I always hold a one-to-one conversation with each self-employed associate at least once a month to discuss their schedule, any clinical concerns, and their experience at the practice.","Self-employed associates require a different management approach — they can't be managed in the same way as employed staff, but they still need a regular, structured touchpoint to feel invested in and to raise concerns before they become reasons to leave.",,"If one-to-ones with associates have lapsed, the risk is that small frustrations are building without a channel to surface them. A brief, informal monthly conversation costs very little and significantly reduces the risk of a sudden disengagement.",,true
328,Office Manager,Cultural,Community and Marketing,I always confirm that the practice's social media content for the week has been gathered from the team and submitted to the marketing contact by the end of the last clinical day of the week.,Consistent social media presence requires consistent content — a manager who owns the weekly submission habit is the difference between a practice that appears active and credible online and one that posts sporadically.,,"If content wasn't submitted this week, the marketing contact is working without material and the practice's online presence has a gap. Make the submission the last task of the clinical week rather than something that gets pushed to Monday.",,true
329,Office Manager,Case Acceptance,Treatment Plan Follow-Up,"I always confirm that all pre-treatment admin — including consent forms, booked appointments, and any required patient communications — is completed at least one week before the scheduled treatment date.","Pre-treatment admin that isn't completed in advance creates rushed, stressful conversations at the chair-side and exposes the practice to consent and compliance risk. A one-week lead time creates enough space to catch and resolve anything that's missing.",,"If treatment is scheduled within the next week and pre-treatment admin is incomplete, escalate today. A week is tight but workable — anything less creates genuine clinical and compliance risk that isn't manageable at short notice.",,true
330,Office Manager,Case Acceptance,Financial Coordination,"I always ensure the TCO and front desk team are consistently presenting all available financial options — membership plan, staged treatment, and third-party finance — to patients with cost concerns.",Financial objections are rarely final — they're usually a request for help finding a way. A manager who monitors whether the team is consistently presenting all options ensures that no patient leaves without having heard a solution that might work for them.,,"If cost concerns are resulting in declined treatment without all options being presented, this is a training and accountability issue rather than a patient issue. Review with the TCO what's being said in these conversations and identify where the gap is.",,true
331,Lead Dental Assistant,Clinical,Patient Comfort and Communication During Procedures,"I always observe each of my staff members during procedures once a month, and deliver positive and constructive feedback as appropriate.",,,,,true
4001,Doctor,Clinical,Chart Accuracy,"I always verbally dictate to RDA/AI a clear and accurate baseline oral health status at new patient exams- current teeth present, existing treatment, and any findings present.","At new patient exams, I verbally call out existing restorations, missing teeth, and prior treatment so the RDA and AI can accurately document the patient’s starting dentition. Establishing a clear baseline ensures diagnostic accuracy, protects the practice from confusion or liability later, and creates a reliable record for future care.",,,,true
4002,Doctor,Clinical,Chart Accuracy,I always update the odontogram and any clinical findings by verbally dictating them to the RDA/AI at each patient encounter.,"At every exam, I verbally call out erupted, exfoliated, restored, or missing teeth so the RDA and AI can update the odontogram in real time. Keeping the odontogram current ensures the chart accurately reflects the patient’s dentition, improving diagnostic clarity, treatment planning, and continuity of care.",,,,true
4003,Doctor,Clinical,Preventive Care,I always verbalize to the RDA/AI to chart any incipient lesions so that preventative care can be offered or teeth can be appropriately monitored radiographically.,"During exams, I verbally identify incipient enamel lesions so the RDA and AI can accurately document them in the chart. Clearly charting early caries supports preventive treatment, improves monitoring over time, and ensures early disease is not overlooked or minimized.",,,,true
4004,Doctor,Clinical,Preventive Care,"I always explain cavities clearly- indicating to the parent there is a cavity in the first, second or third layer of tooth- instead of saying there is a ""spot"" ""watch"" or other minimizing language.","Minimizing language can lead to misunderstanding, delayed care, and erosion of trust. Clear language supports informed decision-making.",,,,true
4005,Doctor,Clinical,Preventive Care,"I always offer sealants on healthy posterior primary and permanent teeth, regardless of insurance coverage.",Sealants significantly reduce caries risk. Families deserve to know preventive options even if insurance does not cover them.,,,,true
4006,Doctor,Clinical,Preventive Care,I always offer SDF (primary teeth) or Curodont (Permanent teeth) for incipient lesions.,Minimally invasive options allow early intervention and avoid progression.,,,,true
4008,Doctor,Clinical,Smart Imaging and Diagnostics,"I always ensure bitewings and any necessary PA's are taken every 6 months for patients with incipient lesions, history of caries or treatment in last 2 years, history of dental trauma, pulp therapy or other indications that would make them high caries risk or require more frequent follow up.",Higher-risk patients require more frequent and targeted imaging to avoid missed disease.,,,,true
4009,Doctor,Clinical,Smart Imaging and Diagnostics,"I always instruct RDAs to take PAs for any teeth planned for extraction or pulp therapy, or with caries approaching the pulp.",PAs are essential for accurate diagnosis and informed consent prior to more invasive treatment.,,,,true
4010,Doctor,Clinical,Smart Imaging and Diagnostics,"I always perform a comprehensive evaluation and full series of high-quality radiographs for new patient limited, or referral exams.",Limited exams for new patients often underrepresent disease. High-quality in-house imaging is necessary for accurate diagnosis.,,,,true
4011,Doctor,Clinical,Smart Imaging and Diagnostics,"I always recommend a pano at new patient exams (around age 6–7+) and every three years thereafter, regardless of insurance coverage.","Panoramic imaging tracks growth, development, missing teeth, and pathology.",,,,true
4012,Doctor,Clinical,Treatment Planning for Long Term Health,"I always offer definitive restorative treatment (composite, crown, EXT) for lesions extending past the DEJ.","Once decay has progressed into dentin, monitoring alone is no longer appropriate. Definitive treatment is the standard of care.",,,,true
4013,Doctor,Clinical,Treatment Planning for Long Term Health,I always offer both white and silver crown options when full-coverage restorations are indicated.,"Families value choice and transparency on esthetics, durability, and outcomes. Equitable care means ensuring all families are informed of all options.",,,,true
4014,Doctor,Clinical,Treatment Planning for Long Term Health,I always consider the need for space maintenance when a primary tooth is extracted.,Premature tooth loss can affect eruption and alignment. Space maintainers help prevent bigger issues down the road.,,,,true
4016,Doctor,Clinical,Treatment Planning for Long Term Health,I always evaluate the need for an ortho referral around 7-8 and again around 12-13 - and an oral surgery referral for 3rds around 15-16,Early evaluation allows proactive planning and prevention of more complex issues.,,,,true
4017,Doctor,Clerical,Chairside Closeout,I always sign my clinical notes at the chair before the patient leaves.,"Timely documentation ensures accuracy, prevents backlogs, and protects clinical integrity.",,,,true
4018,Doctor,Clerical,Chairside Closeout,I always send patient referrals at the chair before the patient leaves.,"Immediate referrals reduce delays, confusion, and follow-up failures.",,,,true
4019,Doctor,Clerical,Chairside Closeout,I always print prescriptions at the chair before the patient leaves.,This prevents missed medications and unnecessary callbacks.,,,,true
4020,Doctor,Clerical,Chairside Closeout,I always complete sedation medication logs at the time of sedation.,"Real-time documentation is critical for safety, compliance, and auditing.",,,,true
4021,Doctor,Clerical,Follow Through and Review,I Always Complete Team and Administrative Requests Within 24 Hours,"I complete email- or staff-requested tasks—such as insurance narratives, 22-point sheets, parent follow-ups, or other documentation requests—within 24 hours.

Whenever possible, I aim for same-day completion so the team can continue moving patient care and scheduling forward without delay.",,,,true
4022,Doctor,Clerical,Follow Through and Review,I always review radiographs using the AI overlay to ensure nothing is overlooked.,"AI supports diagnostic accuracy and consistency, especially in complex cases.",,,,true
4023,Doctor,Cultural,Reliability & Professionalism,"I always show up on time, prepared, and positive for morning huddle","I arrive on time for morning huddle, attend consistently, and participate in a way that supports team alignment and a positive start to the day.

Morning huddle is an opportunity to lead through presence, preparedness, and constructive engagement, helping the team anticipate the day’s needs and maintain strong workflow.",,,,true
4024,Doctor,Cultural,Reliability & Professionalism,I always consider the trust impact on patients and my team when deciding to call in absent to work.,"Absences affect patients, schedules, and team morale. Reliability is a leadership expectation.",,,,true
4025,Doctor,Cultural,Reliability & Professionalism,I Always Give and Receive Feedback with Respect,"Feedback is part of working as a team. The goal is always to help each other do our jobs well and keep the day running smoothly, while maintaining trust and respect.",,,,true
4026,Doctor,Cultural,Team Flow & RDA Partnership,I always allow RDAs to guide the flow of the day.,"I allow RDAs to guide the flow of the day and direct me to the next patient, trusting them to manage timing, readiness, and transitions between patients.

This allows every team member to focus on their role and do their job well.",,,,true
4027,Doctor,Cultural,Team Flow & RDA Partnership,I always allow the RDA to formally present the patient and guardian to me before diving into the exam/treatment,"I pause and allow the RDA to formally present the patient and guardian at the chair for both new patient and recall exams before beginning my evaluation.

The RDA presentation provides the key clinical details so we can move smoothly from room to room while staying aligned as a team.",,,,true
4029,Doctor,Cultural,Team Flow & RDA Partnership,I always trust the RDA to provide clear and appropriate post-operative instructions.,RDAs are trained to deliver routine post-op instructions consistently. Delegating allows doctors to focus on reassurance and next steps.,,,,true
4030,Doctor,Cultural,Family Presence & Communication,I Always Warmly Greet the Family and Introduce Myself by Name,"I always pause, make eye contact, warmly greet the child and parent, and introduce myself by name when entering the room, especially when meeting a family for the first time.

I also acknowledge and thank the RDA for the introduction to reinforce teamwork in front of the family.",,,,true
4032,Doctor,Cultural,Family Presence & Communication,I Always Project a Calm and Confident Presence,"Parents and children often mirror the doctor emotional state. Calm, aligned presence supports comprehension and trust.",,,,true
4033,Doctor,Cultural,"Standards, Boundaries & Escalation",I Always Ask “Tell Me More” When a Parent Hesitates on Treatment,"When a parent hesitates or declines recommended treatment, I begin the conversation with curiosity and listening, seeking to understand their concerns before responding.

If concerns persist after discussion, I clearly explain our standards of care and clinical recommendations, and establish clear, respectful boundaries when a parent’s requests for care repeatedly fall outside those standards.",,,,true
4034,Doctor,Cultural,"Standards, Boundaries & Escalation","I always promptly loop in my office manager, regional manager, or clinical director when a team member or system issue prevents me from practicing according to our standards of care.","When a team or system issue prevents me from practicing according to our standards of care, I promptly loop in my office manager, regional manager, or Clinical Director so the issue can be addressed appropriately.",,,,true
4035,Doctor,Case Acceptance,Values-First Discovery,"I always ask parents ""what matters most to you about your child's dental care and the experience they have with us""- Before Discussing Treatment Options","When discussing treatment recommendations—especially when there are areas of concern—I ask parents what matters most to them about their child’s dental care and experience before presenting options.

This helps ensure the conversation is aligned with the family’s priorities and allows recommendations to be framed in a way that feels collaborative and thoughtful.",,,,true
4036,Doctor,Case Acceptance,Values-First Discovery,I always align treatment recommendations with what the family identifies as most important.,"When families hear their priorities reflected back, trust increases and resistance decreases.",,,,true
4037,Doctor,Case Acceptance,"Comfort, Safety & Sedation Guidance","I always recommend sedation options based on what is safest and most likely to succeed for the child, while also considering what matters most to the family.","I recommend sedation options based on what is safest and most likely to succeed for the child, while also considering what matters most to the family.

I begin with a clear professional recommendation and explanation, and then discuss other clinically appropriate options if families would like to explore them.",,,,true
4038,Doctor,Case Acceptance,"Comfort, Safety & Sedation Guidance","I always perform a brief pre-treatment check-in with the parent to confirm the plan, set expectations, and reinforce our commitment to the child’s comfort before beginning care.","At the beginning of treatment appointments, I perform a brief check-in with the parent to confirm the plan, set expectations, and reinforce our commitment to the child’s comfort before beginning care.

This conversation is concise—typically 1–2 minutes—and ensures families understand the plan for the visit and any reasonable variations that could occur during treatment.",,,,true
4039,Doctor,Case Acceptance,Clear Options to Clear Plan,I always ensure a clear (mutually agreed upon) treatment plan is in place before leaving the room/conversation with parent and RDA.,"While options may be discussed verbally, I direct the RDA to chart one clear treatment plan so the team and family leave with a shared understanding of what will happen next.",,,,true
4042,Doctor,Case Acceptance,Trust Through Predictability,I always honor the existing treatment and sedation plan whenever possible,"When a patient is seen by a different provider, I carefully review the existing treatment and sedation plan and work to honor that plan whenever it remains clinically appropriate.

Before modifying a previously discussed or agreed-upon plan, I pause to consider the trust impact on the family and the alignment between providers, and ensure that any change is truly clinically necessary.",,,,true
4043,Doctor,Case Acceptance,Trust Through Predictability,I always introduce age-appropriate future recommendations early so families understand what to expect as their child grows.,"I introduce age-appropriate future recommendations early so families understand what to expect as their child grows.

This helps normalize future care milestones and ensures recommendations feel planned and intentional, rather than sudden or reactive.",,,,true